"yearID","Home_Games","Away_Games","Home_Win_Per","Away_Win_Per","Total_Win_Per","Per_Wins_at_Home","Per_Wins_Away","Per_Losses_at_Home","Per_Losses_Away","Previous_Season_Total_Win_Per","Previous_Home_Win_Per","FP","HA_per_HG","HA_per_AG","HRA_per_HG","HRA_per_AG","H_per_HG","H_per_AG","HR_per_HG","HR_per_AG","RA_per_HG","RA_per_AG","RS_per_HG","RS_per_AG","P_per_HG","P_per_AG","SO_per_HG","SO_per_AG","SOP_per_HG","SOP_per_AG","BB_per_HG","BB_per_AG","BBP_per_HG","BBP_per_AG","RNS_per_HG","RNS_per_AG","RNSP_per_HG","RNSP_per_AG","X3B_per_HG","X3B_per_AG","X3P_per_HG","X3P_per_AG","Run_Dif_HG","Run_Dif_AG","Hit_Dif_HG","Hit_Dif_AG","HR_Dif_HG","HR_dif_AG","SO_Dif_HG","SO_Dif_AG","BB_Dif_HG","BB_Dif_AG","RNS_Dif_HG","RNS_Dif_AG","Trip_Dif_HG","Trip_Dif_AG","RS","RA","Previous_Away_Win_Per"
1920,77,77,0.558441558441558,0.415584415584416,0.487012987012987,0.573333333333333,0.426666666666667,0.430379746835443,0.569620253164557,0.535714285714286,0.563380281690141,0.965,9.64935064935065,9.41558441558442,0.194805194805195,0.285714285714286,8.80519480519481,8.72727272727273,0.246753246753247,0.194805194805195,3.92207792207792,4.32467532467532,4.18181818181818,3.85714285714286,1.49350649350649,1.71428571428571,2.93506493506493,2.53246753246753,3.61038961038961,2.98701298701299,2.83116883116883,2.72727272727273,2.41558441558442,2.54545454545455,6.74025974025974,6.42857142857143,6.98701298701299,6.77922077922078,0.337662337662338,0.532467532467532,0.493506493506494,0.766233766233766,0.25974025974026,-0.46753246753246,-0.844155844155839,-0.688311688311689,0.051948051948052,-0.090909090909091,0.67532467532468,0.45454545454546,0.41558441558441,0.18181818181818,0.24675324675325,0.35064935064935,-0.155844155844156,-0.233766233766234,619,635,0.507246376811594
1921,76,77,0.421052631578947,0.415584415584416,0.418300653594771,0.5,0.5,0.49438202247191,0.50561797752809,0.487012987012987,0.558441558441558,0.974,11.3552631578947,9.55844155844156,0.486842105263158,0.38961038961039,10.4342105263158,9.87012987012987,0.302631578947368,0.181818181818182,5.71052631578947,4.4025974025974,4.53947368421053,4.19480519480519,1.86842105263158,1.7012987012987,2.57894736842105,2.36363636363636,3.19736842105263,2.75324675324675,2.46052631578947,2.02597402597403,2.78947368421053,2.54545454545455,7.60526315789474,6.94805194805195,7.28947368421053,6.50649350649351,0.302631578947368,0.428571428571429,0.25,0.558441558441558,-1.17105263157894,-0.20779220779221,-0.921052631578901,0.311688311688311,-0.18421052631579,-0.207792207792208,0.61842105263158,0.38961038961039,-0.32894736842106,-0.51948051948052,-0.31578947368421,-0.44155844155844,0.052631578947368,-0.129870129870129,668,773,0.415584415584416
1922,76,80,0.513157894736842,0.5125,0.512820512820513,0.4875,0.5125,0.5,0.5,0.418300653594771,0.421052631578947,0.968,9.9078947368421,10.225,0.486842105263158,0.5,9.39473684210526,10.6375,0.289473684210526,0.25,5.02631578947368,5.325,4.52631578947368,5.3375,1.92105263157895,1.85,2.85526315789474,2.8875,2.93421052631579,2.475,3.27631578947368,3.4625,2.88157894736842,3.25,7.30263157894737,7.4125,6.73684210526316,7.45,0.355263157894737,0.5625,0.223684210526316,0.7,-0.5,0.0125000000000002,-0.513157894736841,0.4125,-0.197368421052632,-0.25,0.07894736842105,-0.4125,0.39473684210526,0.2125,-0.56578947368421,0.0375000000000005,0.131578947368421,-0.1375,771,808,0.415584415584416
1923,77,77,0.597402597402597,0.480519480519481,0.538961038961039,0.55421686746988,0.44578313253012,0.436619718309859,0.563380281690141,0.512820512820513,0.513157894736842,0.967,9.16883116883117,9.42857142857143,0.74025974025974,0.376623376623377,10.2727272727273,9.41558441558442,0.818181818181818,0.350649350649351,4.5974025974026,4.54545454545455,5.22077922077922,4.5974025974026,1.68831168831169,1.7012987012987,2.96103896103896,3.33766233766234,2.83116883116883,2.46753246753247,3.06493506493507,2.84415584415584,2.75324675324675,2.8961038961039,7.22077922077922,6.50649350649351,6.72727272727273,7.14285714285714,0.272727272727273,0.402597402597403,0.168831168831169,0.558441558441558,0.62337662337662,0.0519480519480497,1.10389610389613,-0.0129870129870113,0.0779220779220781,-0.025974025974026,-0.12987012987013,-0.87012987012987,0.31168831168832,-0.05194805194806,-0.49350649350649,0.63636363636363,0.103896103896104,-0.155844155844155,756,704,0.5125
1924,78,76,0.58974358974359,0.460526315789474,0.525974025974026,0.567901234567901,0.432098765432099,0.438356164383562,0.561643835616438,0.538961038961039,0.597402597402597,0.966,9.52564102564103,9.43421052631579,0.871794871794872,0.276315789473684,8.96153846153846,9.47368421052632,0.423076923076923,0.434210526315789,4.37179487179487,4.71052631578947,4.78205128205128,4.27631578947368,1.66666666666667,1.72368421052632,3.30769230769231,3.47368421052632,3.05128205128205,2.47368421052632,3.33333333333333,2.76315789473684,2.29487179487179,3.40789473684211,6.35897435897436,6.30263157894737,6.46153846153846,7.19736842105263,0.346153846153846,0.421052631578947,0.41025641025641,0.5,0.410256410256411,-0.43421052631579,-0.564102564102571,0.039473684210531,-0.448717948717949,0.157894736842105,-0.25641025641026,-1,1.03846153846154,-0.64473684210527,0.1025641025641,0.89473684210526,-0.064102564102564,-0.078947368421053,698,699,0.480519480519481
1925,77,77,0.480519480519481,0.402597402597403,0.441558441558442,0.544117647058823,0.455882352941176,0.465116279069767,0.534883720930233,0.525974025974026,0.58974358974359,0.969,10.3636363636364,10.0909090909091,0.818181818181818,0.506493506493506,9.36363636363636,9.75324675324675,0.74025974025974,0.376623376623377,4.66233766233766,5.37662337662338,4.76623376623377,4.62337662337662,1.77922077922078,1.71428571428571,2.94805194805195,3.15584415584416,3.27272727272727,2.38961038961039,2.83116883116883,2.35064935064935,2.96103896103896,3.35064935064935,7.05194805194805,6.84415584415584,7.55844155844156,7.19480519480519,0.298701298701299,0.61038961038961,0.376623376623377,0.74025974025974,0.10389610389611,-0.75324675324676,-1.00000000000004,-0.337662337662351,-0.0779220779220781,-0.129870129870129,0.32467532467532,-0.76623376623377,-0.12987012987013,-1,0.50649350649351,0.35064935064935,-0.077922077922078,-0.12987012987013,723,773,0.460526315789474
1926,78,77,0.628205128205128,0.428571428571429,0.529032258064516,0.597560975609756,0.402439024390244,0.388888888888889,0.611111111111111,0.441558441558442,0.480519480519481,0.974,8.92307692307692,9.28571428571429,0.205128205128205,0.298701298701299,10.0897435897436,8.64935064935065,0.448717948717949,0.402597402597403,3.78205128205128,3.98701298701299,4.83333333333333,3.96103896103896,1.73076923076923,1.74025974025974,2.82051282051282,2.94805194805195,3.75641025641026,2.79220779220779,2.96153846153846,2.77922077922078,2.67948717948718,3.63636363636364,7.23076923076923,7.06493506493506,6.87179487179487,7.7012987012987,0.243589743589744,0.38961038961039,0.41025641025641,0.428571428571429,1.05128205128205,-0.0259740259740302,1.16666666666668,-0.63636363636364,0.243589743589744,0.103896103896104,0.93589743589744,-0.15584415584416,0.28205128205128,-0.85714285714286,-0.35897435897436,0.63636363636364,-0.166666666666666,-0.038961038961039,682,602,0.402597402597403
1927,78,75,0.641025641025641,0.466666666666667,0.555555555555556,0.588235294117647,0.411764705882353,0.411764705882353,0.588235294117647,0.529032258064516,0.628205128205128,0.971,9.35897435897436,9.4,0.243589743589744,0.413333333333333,10.2179487179487,9.44,0.474358974358974,0.493333333333333,4.03846153846154,4.61333333333333,5.1025641025641,4.69333333333333,1.75641025641026,1.73333333333333,3.25641025641026,3.2,3.05128205128205,3.04,3,3.29333333333333,3.34615384615385,3.37333333333333,7.44871794871795,7.50666666666667,7.69230769230769,7.68,0.41025641025641,0.413333333333333,0.435897435897436,0.48,1.06410256410256,0.0800000000000001,0.85897435897434,0.0399999999999991,0.23076923076923,0.08,-0.20512820512821,-0.16,-0.34615384615385,-0.0800000000000001,0.24358974358974,0.173333333333329,-0.025641025641026,-0.066666666666667,750,661,0.428571428571429
1928,77,77,0.675324675324675,0.506493506493506,0.590909090909091,0.571428571428571,0.428571428571429,0.396825396825397,0.603174603174603,0.555555555555556,0.641025641025641,0.975,8.57142857142857,9.38961038961039,0.233766233766234,0.493506493506494,9.07792207792208,9.88311688311688,0.519480519480519,0.675324675324675,3.42857142857143,4.55844155844156,4.35064935064935,4.92207792207792,1.7012987012987,1.88311688311688,3.07792207792208,3.63636363636364,3.98701298701299,3.02597402597403,3.57142857142857,3.02597402597403,2.96103896103896,3.57142857142857,7.74025974025974,7.67532467532468,7.14285714285714,7.38961038961039,0.415584415584416,0.415584415584416,0.25974025974026,0.402597402597403,0.92207792207792,0.36363636363636,0.506493506493511,0.493506493506491,0.285714285714285,0.181818181818181,0.90909090909091,-0.61038961038961,0.61038961038961,-0.54545454545454,-0.5974025974026,-0.28571428571429,0.155844155844156,0.012987012987013,714,615,0.466666666666667
1929,78,78,0.666666666666667,0.58974358974359,0.628205128205128,0.530612244897959,0.469387755102041,0.462962962962963,0.537037037037037,0.590909090909091,0.675324675324675,0.975,9.85897435897436,9.94871794871795,0.525641025641026,0.461538461538462,10.3589743589744,10.8589743589744,0.974358974358974,0.807692307692308,4.79487179487179,4.92307692307692,6.28205128205128,6.30769230769231,1.96153846153846,1.82051282051282,3.46153846153846,3.80769230769231,3.64102564102564,3.44871794871795,3.85897435897436,3.69230769230769,3.5,3.37179487179487,7.17948717948718,7.48717948717949,7.30769230769231,7.78205128205128,0.256410256410256,0.333333333333333,0.5,0.487179487179487,1.48717948717949,1.38461538461539,0.500000000000041,0.91025641025645,0.448717948717948,0.346153846153846,0.17948717948718,-0.35897435897436,0.35897435897436,0.32051282051282,0.12820512820513,0.29487179487179,-0.243589743589744,-0.153846153846154,982,758,0.506493506493506
1930,79,77,0.645569620253165,0.506493506493506,0.576923076923077,0.566666666666667,0.433333333333333,0.40625,0.59375,0.628205128205128,0.666666666666667,0.973,11.0126582278481,10.025974025974,0.784810126582278,0.636363636363636,11.4556962025316,10.6103896103896,1.21518987341772,0.974025974025974,5.74683544303798,5.4025974025974,6.81012658227848,5.97402597402597,2.15189873417722,2.07792207792208,4.24050632911392,3.88311688311688,4.40506329113924,3.28571428571429,4.20253164556962,3.32467532467532,3.48101265822785,3.2987012987013,8.31645569620253,6.79220779220779,8.05063291139241,7.35064935064935,0.455696202531646,0.467532467532468,0.443037974683544,0.61038961038961,1.0632911392405,0.57142857142857,0.4430379746835,0.5844155844156,0.430379746835442,0.337662337662338,0.16455696202532,-0.59740259740259,0.721518987341769,0.02597402597402,-0.265822784810119,0.55844155844156,0.012658227848102,-0.142857142857142,998,870,0.58974358974359
1931,77,79,0.649350649350649,0.430379746835443,0.538461538461538,0.595238095238095,0.404761904761905,0.385714285714286,0.614285714285714,0.576923076923077,0.645569620253165,0.973,8.8961038961039,9.64556962025316,0.285714285714286,0.40506329113924,10.2597402597403,9.9746835443038,0.519480519480519,0.556962025316456,4.03896103896104,5.05063291139241,5.37662337662338,5.24050632911392,1.76623376623377,2.07594936708861,3.72727272727273,4.48101265822785,3.7012987012987,3.18987341772152,3.90909090909091,3.49367088607595,3.35064935064935,3.36708860759494,7.92207792207792,7.64556962025316,7.71428571428571,7.59493670886076,0.38961038961039,0.455696202531646,0.337662337662338,0.481012658227848,1.33766233766234,0.18987341772151,1.3636363636364,0.329113924050642,0.233766233766233,0.151898734177216,-0.0259740259740302,-1.29113924050633,0.55844155844156,0.12658227848101,-0.20779220779221,-0.0506329113924,0.051948051948052,-0.025316455696202,828,710,0.506493506493506
1932,77,77,0.688311688311688,0.480519480519481,0.584415584415584,0.588888888888889,0.411111111111111,0.375,0.625,0.538461538461538,0.649350649350649,0.973,8.88311688311688,9.87012987012987,0.428571428571429,0.454545454545455,10.038961038961,9.68831168831169,0.415584415584416,0.480519480519481,3.93506493506493,4.28571428571429,5.06493506493506,4.28571428571429,1.80519480519481,1.90909090909091,2.93506493506493,3.75324675324675,3.83116883116883,3.14285714285714,2.81818181818182,2.36363636363636,2.72727272727273,2.51948051948052,7.33766233766234,7.18181818181818,7.33766233766234,7.53246753246753,0.376623376623377,0.402597402597403,0.337662337662338,0.571428571428571,1.12987012987013,0,1.15584415584412,-0.18181818181818,-0.012987012987013,0.025974025974026,0.8961038961039,-0.61038961038961,0.0909090909090899,-0.15584415584416,0,0.35064935064935,0.038961038961039,-0.168831168831168,720,633,0.430379746835443
1933,79,75,0.708860759493671,0.4,0.558441558441558,0.651162790697674,0.348837209302326,0.338235294117647,0.661764705882353,0.584415584415584,0.688311688311688,0.973,8.21518987341772,8.89333333333333,0.40506329113924,0.253333333333333,9.25316455696202,9.22666666666667,0.506329113924051,0.426666666666667,3.0253164556962,3.96,4.22784810126582,4.16,1.59493670886076,1.66666666666667,3.18987341772152,2.97333333333333,3.31645569620253,3.02666666666667,2.37974683544304,2.72,2.56962025316456,2.8,6.83544303797468,7.24,7.15189873417722,7.09333333333333,0.341772151898734,0.32,0.278481012658228,0.32,1.20253164556962,0.2,1.0379746835443,0.333333333333339,0.101265822784811,0.173333333333334,0.12658227848101,0.0533333333333399,-0.18987341772152,-0.0799999999999996,0.31645569620254,-0.14666666666667,0.063291139240506,0,646,536,0.480519480519481
1934,77,75,0.61038961038961,0.52,0.565789473684211,0.546511627906977,0.453488372093023,0.461538461538462,0.538461538461538,0.558441558441558,0.708860759493671,0.977,9.01298701298701,9.84,0.571428571428571,0.48,9.51948051948052,10.1466666666667,0.688311688311688,0.64,3.90909090909091,4.50666666666667,4.50649350649351,4.77333333333333,1.85714285714286,1.84,4.03896103896104,4.26666666666667,4.51948051948052,3.81333333333333,2.35064935064935,2.58666666666667,2.51948051948052,2.97333333333333,7.02597402597403,7.22666666666667,7.01298701298701,7.65333333333333,0.246753246753247,0.333333333333333,0.181818181818182,0.373333333333333,0.5974025974026,0.26666666666666,0.506493506493511,0.3066666666667,0.116883116883117,0.16,0.480519480519479,-0.45333333333334,-0.16883116883117,-0.38666666666666,-0.0129870129870193,0.42666666666666,0.064935064935065,-0.04,705,639,0.4
1935,77,77,0.727272727272727,0.571428571428571,0.649350649350649,0.56,0.44,0.388888888888889,0.611111111111111,0.565789473684211,0.61038961038961,0.97,9.05194805194805,9.41558441558442,0.519480519480519,0.584415584415584,10.1168831168831,10.4155844155844,0.558441558441558,0.584415584415584,3.42857142857143,4.32467532467532,5.53246753246753,5.46753246753247,1.64935064935065,1.88311688311688,2.90909090909091,3.20779220779221,4.33766233766234,3.31168831168831,3.02597402597403,3,2.46753246753247,2.74025974025974,7.51948051948052,7.67532467532468,7.22077922077922,7.12987012987013,0.272727272727273,0.532467532467532,0.207792207792208,0.415584415584416,2.1038961038961,1.14285714285715,1.06493506493505,0.99999999999998,0.038961038961039,0,1.42857142857143,0.1038961038961,0.55844155844156,0.25974025974026,-0.2987012987013,-0.54545454545455,0.064935064935065,0.116883116883116,847,597,0.52
1936,77,77,0.649350649350649,0.480519480519481,0.564935064935065,0.574712643678161,0.425287356321839,0.402985074626866,0.597014925373134,0.649350649350649,0.727272727272727,0.976,9.1038961038961,9.28571428571429,0.532467532467532,0.467532467532468,10.1558441558442,9.90909090909091,0.441558441558442,0.545454545454545,3.76623376623377,4.06493506493506,5.24675324675325,4.55844155844156,1.75324675324675,2.05194805194805,2.92207792207792,3.07792207792208,4.24675324675325,3.50649350649351,3.55844155844156,2.81818181818182,2.85714285714286,2.77922077922078,7.94805194805195,7.5974025974026,7.1038961038961,7.50649350649351,0.298701298701299,0.168831168831169,0.194805194805195,0.272727272727273,1.48051948051948,0.4935064935065,1.0519480519481,0.62337662337662,-0.09090909090909,0.0779220779220769,1.32467532467533,0.42857142857143,0.7012987012987,0.0389610389610402,-0.84415584415585,-0.0909090909090899,0.103896103896104,-0.103896103896104,755,603,0.571428571428571
1937,78,76,0.58974358974359,0.618421052631579,0.603896103896104,0.494623655913978,0.505376344086022,0.524590163934426,0.475409836065574,0.564935064935065,0.649350649350649,0.975,9.19230769230769,9.43421052631579,0.615384615384615,0.565789473684211,9.80769230769231,10.1578947368421,0.602564102564103,0.644736842105263,4.62820512820513,4.22368421052632,5.28205128205128,5.25,2.06410256410256,1.85526315789474,3.20512820512821,3.23684210526316,4.20512820512821,3.52631578947368,3.33333333333333,3.65789473684211,3.55128205128205,2.96052631578947,7.19230769230769,7.56578947368421,7.28205128205128,7.68421052631579,0.551282051282051,0.407894736842105,0.346153846153846,0.394736842105263,0.65384615384615,1.02631578947368,0.61538461538462,0.723684210526311,-0.012820512820512,0.0789473684210521,1,0.28947368421052,-0.21794871794872,0.69736842105264,0.0897435897435903,0.118421052631581,0.205128205128205,0.013157894736842,811,682,0.480519480519481
1938,77,77,0.571428571428571,0.584415584415584,0.577922077922078,0.49438202247191,0.50561797752809,0.523809523809524,0.476190476190476,0.603896103896104,0.58974358974359,0.978,9.44155844155844,8.92207792207792,0.532467532467532,0.38961038961039,9.09090909090909,9.54545454545454,0.311688311688312,0.532467532467532,4.23376623376623,3.51948051948052,4.53246753246753,4.72727272727273,2.11688311688312,1.80519480519481,3.03896103896104,3.12987012987013,4.06493506493506,3.51948051948052,3.53246753246753,3.24675324675325,3.06493506493507,2.80519480519481,7.27272727272727,7.44155844155844,7.37662337662338,7.64935064935065,0.493506493506494,0.415584415584416,0.285714285714286,0.207792207792208,0.2987012987013,1.20779220779221,-0.35064935064935,0.62337662337662,-0.22077922077922,0.142857142857142,1.02597402597402,0.38961038961039,0.46753246753246,0.44155844155844,0.10389610389611,0.20779220779221,0.207792207792208,0.207792207792208,713,598,0.618421052631579
1939,80,76,0.55,0.526315789473684,0.538461538461538,0.523809523809524,0.476190476190476,0.485714285714286,0.514285714285714,0.577922077922078,0.571428571428571,0.97,9.2875,9.97368421052632,0.4375,0.513157894736842,8.7875,9.26315789473684,0.55,0.618421052631579,4.2875,4.40789473684211,4.7375,4.53947368421053,1.7875,1.96052631578947,3.725,3.35526315789474,4.375,3.03947368421053,3.275,3.43421052631579,2.875,2.63157894736842,6.8125,7.48684210526316,7.45,7.67105263157895,0.35,0.460526315789474,0.25,0.473684210526316,0.45,0.13157894736842,-0.5,-0.71052631578948,0.1125,0.105263157894737,0.65,-0.31578947368421,0.4,0.80263157894737,0.6375,0.184210526315789,0.1,-0.013157894736842,724,678,0.584415584415584
1940,77,77,0.519480519480519,0.454545454545455,0.487012987012987,0.533333333333333,0.466666666666667,0.468354430379747,0.531645569620253,0.538461538461538,0.55,0.968,9.51948051948052,8.87012987012987,0.415584415584416,0.545454545454545,9.18181818181818,9.53246753246753,0.519480519480519,0.597402597402597,4.1038961038961,4.15584415584416,4.32467532467532,4.51948051948052,2.03896103896104,1.92207792207792,3.55844155844156,3.80519480519481,3.96103896103896,3.37662337662338,3.2987012987013,2.97402597402597,3.11688311688312,2.54545454545455,7.27272727272727,7.15584415584416,7.72727272727273,7.19480519480519,0.311688311688312,0.311688311688312,0.285714285714286,0.363636363636364,0.220779220779219,0.36363636363636,-0.337662337662341,0.662337662337659,0.103896103896103,0.0519480519480521,0.4025974025974,-0.42857142857143,0.18181818181818,0.42857142857142,0.45454545454546,0.0389610389610304,0.025974025974026,-0.051948051948052,681,636,0.526315789473684
1941,77,78,0.493506493506494,0.41025641025641,0.451612903225806,0.542857142857143,0.457142857142857,0.464285714285714,0.535714285714286,0.487012987012987,0.519480519480519,0.97,9,9.46153846153846,0.25974025974026,0.512820512820513,8.53246753246753,8.53846153846154,0.480519480519481,0.794871794871795,3.97402597402597,4.66666666666667,4.03896103896104,4.55128205128205,1.94805194805195,1.92307692307692,4.33766233766234,4.29487179487179,3.77922077922078,3.28205128205128,3.79220779220779,3.3974358974359,2.97402597402597,2.79487179487179,7.75324675324675,6.85897435897436,7.44155844155844,7.44871794871795,0.168831168831169,0.153846153846154,0.194805194805195,0.282051282051282,0.0649350649350704,-0.115384615384619,-0.46753246753247,-0.92307692307692,0.220779220779221,0.282051282051282,-0.55844155844156,-1.01282051282051,0.81818181818182,0.60256410256411,-0.31168831168831,0.589743589743589,-0.025974025974026,-0.128205128205128,666,670,0.454545454545455
1942,78,77,0.461538461538462,0.415584415584416,0.438709677419355,0.529411764705882,0.470588235294118,0.476744186046512,0.523255813953488,0.451612903225806,0.493506493506494,0.973,9.30769230769231,9.41558441558442,0.346153846153846,0.558441558441558,8.96153846153846,8.58441558441558,0.461538461538462,0.506493506493506,4.07692307692308,4.50649350649351,3.82051282051282,3.80519480519481,1.98717948717949,1.94805194805195,3.74358974358974,4.11688311688312,3.96153846153846,2.57142857142857,3.47435897435897,3.11688311688312,3.56410256410256,3.28571428571429,7.78205128205128,7.23376623376623,8.03846153846154,7.72727272727273,0.333333333333333,0.194805194805195,0.179487179487179,0.363636363636364,-0.25641025641026,-0.7012987012987,-0.34615384615385,-0.831168831168839,0.115384615384616,-0.051948051948052,0.21794871794872,-1.54545454545455,-0.0897435897435899,-0.16883116883117,0.25641025641026,0.493506493506501,0.153846153846154,-0.168831168831169,591,665,0.41025641025641
1943,75,79,0.48,0.481012658227848,0.480519480519481,0.486486486486487,0.513513513513513,0.481012658227848,0.518987341772152,0.438709677419355,0.461538461538462,0.973,9.29333333333333,8.63291139240506,0.253333333333333,0.430379746835443,8.90666666666667,9.0126582278481,0.32,0.354430379746835,4,3.78481012658228,3.89333333333333,4.30379746835443,2.08,2,3.66666666666667,3.15189873417722,3.73333333333333,3.0379746835443,3.69333333333333,3.81012658227848,2.45333333333333,2.72151898734177,7.81333333333333,7.44303797468354,7.12,7.26582278481013,0.373333333333333,0.354430379746835,0.293333333333333,0.291139240506329,-0.10666666666667,0.51898734177215,-0.38666666666666,0.37974683544304,0.066666666666667,-0.075949367088608,0.0666666666666598,-0.11392405063292,1.24,1.08860759493671,-0.69333333333333,-0.17721518987341,0.08,0.063291139240506,632,600,0.415584415584416
1944,78,79,0.448717948717949,0.506329113924051,0.477707006369427,0.466666666666667,0.533333333333333,0.531645569620253,0.468354430379747,0.480519480519481,0.48,0.97,9.82051282051282,9.05063291139241,0.512820512820513,0.443037974683544,9.03846153846154,9.11392405063291,0.423076923076923,0.481012658227848,4.38461538461539,4.13924050632911,4.43589743589744,4.50632911392405,2.14102564102564,1.84810126582278,3.28205128205128,3.35443037974684,3.80769230769231,3.08860759493671,3.61538461538462,3.0126582278481,2.84615384615385,3.0379746835443,7.65384615384615,7.51898734177215,7.28205128205128,7.40506329113924,0.294871794871795,0.291139240506329,0.243589743589744,0.40506329113924,0.0512820512820493,0.36708860759494,-0.782051282051279,0.0632911392404996,-0.08974358974359,0.037974683544304,0.52564102564103,-0.26582278481013,0.76923076923077,-0.0253164556962,-0.37179487179487,-0.11392405063291,0.051282051282051,-0.113924050632911,702,669,0.481012658227848
1945,76,79,0.644736842105263,0.620253164556962,0.632258064516129,0.5,0.5,0.464285714285714,0.535714285714286,0.477707006369427,0.448717948717949,0.98,8,8.75949367088608,0.223684210526316,0.506329113924051,9.10526315789474,9.78481012658228,0.315789473684211,0.417721518987342,3.32894736842105,3.53164556962025,4.34210526315789,5.12658227848101,1.90789473684211,1.83544303797468,3.15789473684211,2.83544303797468,3.96052631578947,3.06329113924051,3.40789473684211,3.73417721518987,2.17105263157895,2.79746835443038,7.88157894736842,8.31645569620253,6.55263157894737,7.22784810126582,0.328947368421053,0.341772151898734,0.157894736842105,0.278481012658228,1.01315789473684,1.59493670886076,1.10526315789474,1.0253164556962,0.092105263157895,-0.088607594936709,0.80263157894736,0.22784810126583,1.23684210526316,0.93670886075949,-1.32894736842105,-1.08860759493671,0.171052631578948,0.063291139240506,735,532,0.506329113924051
1946,77,78,0.571428571428571,0.487179487179487,0.529032258064516,0.536585365853659,0.463414634146341,0.464788732394366,0.535211267605634,0.632258064516129,0.644736842105263,0.976,8.58441558441558,9.16666666666667,0.38961038961039,0.358974358974359,8.46753246753247,8.88461538461539,0.311688311688312,0.41025641025641,3.37662337662338,4.11538461538461,3.77922077922078,4.29487179487179,2.16883116883117,2.24358974358974,4.14285714285714,3.61538461538462,4.58441558441558,3.38461538461538,3.72727272727273,3.84615384615385,3.19480519480519,3.6025641025641,7.80519480519481,7.82051282051282,7.80519480519481,8.14102564102564,0.376623376623377,0.269230769230769,0.181818181818182,0.243589743589744,0.4025974025974,0.179487179487181,-0.116883116883111,-0.282051282051279,-0.077922077922078,0.051282051282051,0.44155844155844,-0.23076923076924,0.53246753246754,0.24358974358975,0,0.32051282051282,0.194805194805195,0.025641025641025,626,581,0.620253164556962
1947,79,76,0.455696202531646,0.434210526315789,0.445161290322581,0.521739130434783,0.478260869565217,0.505882352941176,0.494117647058824,0.529032258064516,0.571428571428571,0.975,9.53164556962025,9.19736842105263,0.645569620253165,0.723684210526316,8.68354430379747,9.03947368421053,0.367088607594937,0.552631578947368,4.86075949367089,4.44736842105263,3.54430379746835,3.80263157894737,2.53164556962025,2.25,4.0253164556962,3.42105263157895,4.45569620253165,2.94736842105263,2.9493670886076,3.13157894736842,4.20253164556962,3.76315789473684,7.39240506329114,7.73684210526316,8.22784810126582,7.60526315789474,0.354430379746835,0.263157894736842,0.189873417721519,0.276315789473684,-1.31645569620254,-0.64473684210526,-0.84810126582278,-0.157894736842101,-0.278481012658228,-0.171052631578948,0.43037974683545,-0.47368421052632,-1.25316455696202,-0.63157894736842,0.83544303797468,-0.13157894736842,0.164556962025316,-0.013157894736842,567,722,0.487179487179487
1948,78,77,0.448717948717949,0.376623376623377,0.412903225806452,0.546875,0.453125,0.466666666666667,0.533333333333333,0.445161290322581,0.455696202531646,0.972,8.3974358974359,9.14285714285714,0.435897435897436,0.714285714285714,8.7051282051282,9.4025974025974,0.487179487179487,0.636363636363636,4.14102564102564,4.96103896103896,3.61538461538462,4.09090909090909,2.38461538461538,2.45454545454545,3.83333333333333,3.62337662337662,4.70512820512821,3.57142857142857,2.64102564102564,3.07792207792208,4.15384615384615,3.71428571428571,7.38461538461539,7.97402597402597,7.73076923076923,7.4025974025974,0.333333333333333,0.233766233766234,0.217948717948718,0.272727272727273,-0.52564102564102,-0.87012987012987,0.307692307692301,0.25974025974026,0.051282051282051,-0.0779220779220779,0.87179487179488,-0.0519480519480502,-1.51282051282051,-0.63636363636363,0.34615384615384,-0.57142857142857,0.115384615384615,-0.038961038961039,597,706,0.434210526315789
1949,77,77,0.428571428571429,0.363636363636364,0.396103896103896,0.540983606557377,0.459016393442623,0.473118279569892,0.526881720430108,0.412903225806452,0.448717948717949,0.97,9.55844155844156,9.50649350649351,0.493506493506494,0.857142857142857,8.48051948051948,8.87012987012987,0.688311688311688,0.571428571428571,4.74025974025974,5.2987012987013,3.7012987012987,4,2.27272727272727,2.32467532467532,3.88311688311688,3.5974025974026,4,3,2.75324675324675,2.38961038961039,3.57142857142857,3.79220779220779,6.64935064935065,6.51948051948052,7.61038961038961,7.4025974025974,0.298701298701299,0.402597402597403,0.246753246753247,0.285714285714286,-1.03896103896104,-1.2987012987013,-1.07792207792208,-0.636363636363638,0.194805194805194,-0.285714285714286,0.11688311688312,-0.5974025974026,-0.81818181818182,-1.4025974025974,0.96103896103896,0.88311688311688,0.051948051948052,0.116883116883117,593,773,0.376623376623377
1950,78,76,0.448717948717949,0.381578947368421,0.415584415584416,0.546875,0.453125,0.471910112359551,0.528089887640449,0.396103896103896,0.428571428571429,0.968,10.1025641025641,8.73684210526316,0.807692307692308,0.881578947368421,8.83333333333333,8.01315789473684,1.01282051282051,1.07894736842105,5.26923076923077,4.75,4.51282051282051,3.82894736842105,2.53846153846154,2.03947368421053,4.91025641025641,5.06578947368421,3.92307692307692,3.35526315789474,3.41025641025641,2.80263157894737,3.84615384615385,3.85526315789474,6.73076923076923,6.23684210526316,8.02564102564103,7.15789473684211,0.358974358974359,0.25,0.282051282051282,0.171052631578947,-0.75641025641026,-0.92105263157895,-1.26923076923077,-0.723684210526319,0.205128205128202,0.197368421052629,-0.98717948717949,-1.71052631578947,-0.43589743589744,-1.05263157894737,1.2948717948718,0.92105263157895,0.076923076923077,0.078947368421053,643,772,0.363636363636364
1951,77,78,0.415584415584416,0.384615384615385,0.4,0.516129032258065,0.483870967741935,0.489130434782609,0.510869565217391,0.415584415584416,0.448717948717949,0.971,8.87012987012987,9.3974358974359,0.766233766233766,0.846153846153846,8.62337662337662,8.5,0.584415584415584,0.743589743589744,4.72727272727273,4.94871794871795,3.94805194805195,3.97435897435897,2.31168831168831,2.07692307692308,3.85714285714286,4.5,3.75324675324675,3.25641025641026,2.88311688311688,3.26923076923077,3.5974025974026,3.78205128205128,6.79220779220779,6.66666666666667,6.92207792207792,7.55128205128205,0.324675324675325,0.282051282051282,0.25974025974026,0.358974358974359,-0.77922077922078,-0.97435897435898,-0.246753246753251,-0.8974358974359,-0.181818181818182,-0.102564102564102,-0.10389610389611,-1.24358974358974,-0.71428571428572,-0.51282051282051,0.129870129870129,0.884615384615381,0.064935064935065,-0.076923076923077,614,750,0.381578947368421
1952,77,78,0.545454545454545,0.448717948717949,0.496774193548387,0.545454545454545,0.454545454545455,0.454545454545455,0.545454545454545,0.4,0.415584415584416,0.976,8.2987012987013,8.15384615384615,0.519480519480519,0.782051282051282,9.31168831168831,8.85897435897436,0.662337662337662,0.717948717948718,4.1038961038961,4.03846153846154,4.27272727272727,3.83333333333333,1.98701298701299,2.17948717948718,4.20779220779221,4.97435897435897,4.62337662337662,3.92307692307692,2.87012987012987,2.6025641025641,3.57142857142857,3.30769230769231,7.06493506493506,6.57692307692308,7.32467532467532,6.97435897435897,0.363636363636364,0.217948717948718,0.441558441558442,0.294871794871795,0.168831168831169,-0.20512820512821,1.01298701298701,0.70512820512821,0.142857142857143,-0.0641025641025641,0.41558441558441,-1.05128205128205,-0.7012987012987,-0.70512820512821,0.259740259740259,0.39743589743589,-0.077922077922078,-0.076923076923077,628,631,0.384615384615385
1953,77,78,0.558441558441558,0.282051282051282,0.419354838709677,0.661538461538462,0.338461538461538,0.382022471910112,0.617977528089888,0.496774193548387,0.545454545454545,0.967,9.84415584415584,9.3974358974359,0.896103896103896,1.05128205128205,9.25974025974026,8.44871794871795,0.961038961038961,0.807692307692308,5.41558441558442,5.35897435897436,4.55844155844156,3.61538461538462,2.58441558441558,2.48717948717949,4.36363636363636,5.28205128205128,4.15584415584416,3.84615384615385,3.53246753246753,3.08974358974359,3.45454545454545,3.69230769230769,7.20779220779221,7.30769230769231,7.64935064935065,7.37179487179487,0.324675324675325,0.41025641025641,0.285714285714286,0.448717948717949,-0.85714285714286,-1.74358974358974,-0.584415584415579,-0.948717948717949,0.0649350649350651,-0.243589743589742,-0.2077922077922,-1.43589743589743,0.0779220779220799,-0.6025641025641,0.44155844155844,0.0641025641025594,0.038961038961039,-0.038461538461539,633,835,0.448717948717949
1954,77,77,0.519480519480519,0.311688311688312,0.415584415584416,0.625,0.375,0.411111111111111,0.588888888888889,0.419354838709677,0.558441558441558,0.974,8.8961038961039,8.96103896103896,0.766233766233766,0.935064935064935,9.18181818181818,9.15584415584416,1.11688311688312,0.948051948051948,5,4.94805194805195,4.75324675324675,4.33766233766234,2.25974025974026,2.46753246753247,4.35064935064935,4.64935064935065,4.44155844155844,3.61038961038961,3.24675324675325,2.97402597402597,4.03896103896104,3.98701298701299,7.06493506493506,7.31168831168831,7.25974025974026,7.45454545454545,0.337662337662338,0.246753246753247,0.38961038961039,0.493506493506494,-0.24675324675325,-0.61038961038961,0.285714285714279,0.1948051948052,0.350649350649354,0.012987012987013,0.0909090909090899,-1.03896103896104,-0.79220779220779,-1.01298701298702,0.1948051948052,0.14285714285714,-0.051948051948052,-0.246753246753247,700,766,0.282051282051282
1955,77,77,0.558441558441558,0.376623376623377,0.467532467532468,0.597222222222222,0.402777777777778,0.407407407407407,0.592592592592593,0.415584415584416,0.519480519480519,0.975,8.28571428571429,8.67532467532468,0.805194805194805,1.18181818181818,8.84415584415584,7.87012987012987,1.03896103896104,1.09090909090909,4.18181818181818,5.07792207792208,4.54545454545455,3.58441558441558,2.16883116883117,2.54545454545455,5.12987012987013,5.35064935064935,4.5974025974026,4.31168831168831,2.88311688311688,2.67532467532468,3.54545454545455,4.27272727272727,6.7012987012987,6.22077922077922,6.76623376623377,7.46753246753247,0.324675324675325,0.38961038961039,0.324675324675325,0.233766233766234,0.36363636363637,-1.4935064935065,0.558441558441549,-0.80519480519481,0.233766233766235,-0.0909090909090902,-0.53246753246753,-1.03896103896104,-0.66233766233767,-1.59740259740259,0.06493506493507,1.24675324675325,0,0.155844155844156,626,713,0.311688311688312
1956,80,77,0.4875,0.272727272727273,0.382165605095541,0.65,0.35,0.404255319148936,0.595744680851064,0.467532467532468,0.558441558441558,0.976,8.75,8.11688311688312,0.9625,1.09090909090909,8.7625,7.53246753246753,0.975,0.831168831168831,4.2625,4.76623376623377,4.2875,3.2987012987013,2.2875,2.51948051948052,4.825,5.05194805194805,5.3375,4.15584415584416,2.8625,2.81818181818182,3.7625,4.05194805194805,6.7,6.37662337662338,7.3625,7.03896103896104,0.3375,0.298701298701299,0.2625,0.25974025974026,0.0249999999999995,-1.46753246753247,0.0124999999999993,-0.58441558441559,0.0125,-0.259740259740259,0.5125,-0.89610389610389,-0.9,-1.23376623376623,0.6625,0.66233766233766,0.075,0.038961038961039,597,708,0.376623376623377
1957,78,78,0.397435897435897,0.397435897435897,0.397435897435897,0.5,0.5,0.5,0.5,0.382165605095541,0.4875,0.976,9.07692307692308,8.84615384615385,0.871794871794872,0.974358974358974,8.03846153846154,8.78205128205128,1.03846153846154,0.846153846153846,4.52564102564103,4.73076923076923,3.85897435897436,4.19230769230769,2.62820512820513,2.74358974358974,5.97435897435897,6.70512820512821,6.1025641025641,4.91025641025641,2.87179487179487,3.03846153846154,3.71794871794872,4,6.3974358974359,7.21794871794872,7.57692307692308,7.51282051282051,0.205128205128205,0.192307692307692,0.320512820512821,0.256410256410256,-0.66666666666667,-0.53846153846154,-1.03846153846154,-0.064102564102571,0.166666666666668,-0.128205128205128,0.12820512820513,-1.7948717948718,-0.84615384615385,-0.96153846153846,1.17948717948718,0.29487179487179,-0.115384615384616,-0.064102564102564,628,722,0.272727272727273
1958,77,77,0.454545454545455,0.480519480519481,0.467532467532468,0.486111111111111,0.513888888888889,0.51219512195122,0.48780487804878,0.397435897435897,0.397435897435897,0.975,8.5974025974026,8.57142857142857,0.935064935064935,0.909090909090909,9,9.20779220779221,1.31168831168831,1.05194805194805,4.94805194805195,4.46753246753247,4.54545454545455,4.66233766233766,2.92207792207792,2.88311688311688,5.33766233766234,5.74025974025974,5.57142857142857,4.88311688311688,3.02597402597403,3.2987012987013,4.09090909090909,3.94805194805195,6.76623376623377,7.44155844155844,7.28571428571429,7.61038961038961,0.272727272727273,0.363636363636364,0.324675324675325,0.337662337662338,-0.4025974025974,0.19480519480519,0.402597402597401,0.63636363636364,0.376623376623375,0.142857142857141,0.233766233766231,-0.857142857142859,-1.06493506493506,-0.64935064935065,0.51948051948052,0.168831168831169,-0.051948051948052,0.025974025974026,709,725,0.397435897435897
1959,77,78,0.493506493506494,0.461538461538462,0.47741935483871,0.513513513513513,0.486486486486487,0.4875,0.5125,0.467532467532468,0.454545454545455,0.977,8.5974025974026,8.65384615384615,0.987012987012987,0.974358974358974,8.35064935064935,8.69230769230769,1.12987012987013,0.974358974358974,4.27272727272727,4.6025641025641,4.36363636363636,4.32051282051282,2.68831168831169,2.53846153846154,5.31168831168831,6.42307692307692,4.8961038961039,5,3.11688311688312,3.30769230769231,3.31168831168831,3.38461538461538,6.87012987012987,7.14102564102564,6.97402597402597,6.83333333333333,0.272727272727273,0.294871794871795,0.285714285714286,0.230769230769231,0.0909090909090899,-0.28205128205128,-0.246753246753249,0.0384615384615401,0.142857142857143,0,-0.41558441558441,-1.42307692307692,-0.19480519480519,-0.07692307692307,0.1038961038961,-0.307692307692309,-0.012987012987013,0.064102564102564,673,688,0.480519480519481
1960,79,77,0.417721518987342,0.350649350649351,0.384615384615385,0.55,0.45,0.468085106382979,0.531914893617021,0.47741935483871,0.493506493506494,0.977,8.9873417721519,8.87012987012987,0.987341772151899,0.961038961038961,7.94936708860759,8.63636363636364,0.658227848101266,0.87012987012987,4.93670886075949,5.01298701298701,4.18987341772152,3.93506493506493,2.62025316455696,2.71428571428571,5.26582278481013,6.25974025974026,5.43037974683544,4.8961038961039,3.60759493670886,3.19480519480519,3.46835443037975,3.77922077922078,6.67088607594937,7.02597402597403,6.77215189873418,7.22077922077922,0.240506329113924,0.376623376623377,0.367088607594937,0.493506493506494,-0.74683544303797,-1.07792207792208,-1.03797468354431,-0.233766233766231,-0.329113924050633,-0.0909090909090911,0.16455696202531,-1.36363636363636,0.13924050632911,-0.58441558441559,0.101265822784811,0.19480519480519,-0.126582278481013,-0.116883116883117,634,776,0.461538461538462
1961,78,78,0.512820512820513,0.307692307692308,0.41025641025641,0.625,0.375,0.411111111111111,0.588888888888889,0.384615384615385,0.417721518987342,0.97,9.30769230769231,9.82051282051282,1.03846153846154,1.07692307692308,9.05128205128205,8.43589743589744,1.30769230769231,0.948717948717949,4.8974358974359,5.35897435897436,4.88461538461539,3.94871794871795,2.43589743589744,2.74358974358974,6.42307692307692,6.73076923076923,4.94871794871795,4.73076923076923,3.6025641025641,3.30769230769231,2.76923076923077,3.19230769230769,7.06410256410256,7.26923076923077,6.67948717948718,6.96153846153846,0.384615384615385,0.269230769230769,0.256410256410256,0.294871794871795,-0.0128205128205092,-1.41025641025641,-0.256410256410261,-1.38461538461538,0.26923076923077,-0.128205128205131,-1.47435897435897,-2,0.83333333333333,0.11538461538462,-0.384615384615381,-0.30769230769231,0.128205128205129,-0.025641025641026,689,800,0.350649350649351
1962,81,81,0.395061728395062,0.333333333333333,0.364197530864198,0.542372881355932,0.457627118644068,0.475728155339806,0.524271844660194,0.41025641025641,0.512820512820513,0.977,9.90123456790123,8.7283950617284,1.16049382716049,0.802469135802469,8.91358024691358,8.34567901234568,0.876543209876543,0.679012345679012,5.62962962962963,4.58024691358025,4.11111111111111,3.69135802469136,3.03703703703704,2.77777777777778,5.75308641975309,7.1358024691358,5.25925925925926,4.40740740740741,3.35802469135802,2.8641975308642,3.66666666666667,3.74074074074074,7.28395061728395,7.11111111111111,7.18518518518519,7.19753086419753,0.333333333333333,0.358024691358025,0.197530864197531,0.222222222222222,-1.51851851851852,-0.88888888888889,-0.98765432098765,-0.382716049382719,-0.283950617283947,-0.123456790123457,-0.493827160493829,-2.72839506172839,-0.30864197530865,-0.87654320987654,-0.0987654320987605,0.0864197530864201,0.135802469135802,0.135802469135803,632,827,0.307692307692308
1963,81,81,0.530864197530864,0.481481481481481,0.506172839506173,0.524390243902439,0.475609756097561,0.475,0.525,0.364197530864198,0.395061728395062,0.976,8.38271604938272,8.37037037037037,0.864197530864197,0.604938271604938,8.24691358024691,7.62962962962963,0.777777777777778,0.790123456790123,3.7283950617284,3.40740740740741,3.67901234567901,3.35802469135802,2.41975308641975,2.25925925925926,5.46913580246914,7.48148148148148,5.12345679012346,5.38271604938272,2.67901234567901,2.74074074074074,2.39506172839506,2.54320987654321,6.65432098765432,6.34567901234568,6.07407407407407,6.95061728395062,0.222222222222222,0.320987654320988,0.246913580246914,0.296296296296296,-0.04938271604939,-0.04938271604939,-0.135802469135811,-0.74074074074074,-0.086419753086419,0.185185185185185,-0.34567901234568,-2.09876543209876,0.28395061728395,0.19753086419753,-0.58024691358025,0.60493827160494,-0.024691358024692,0.024691358024692,570,578,0.333333333333333
1964,81,81,0.493827160493827,0.444444444444444,0.469135802469136,0.526315789473684,0.473684210526316,0.476744186046512,0.523255813953488,0.506172839506173,0.530864197530864,0.975,9.53086419753086,9.11111111111111,1.08641975308642,0.691358024691358,8.54320987654321,8.62962962962963,1.03703703703704,0.753086419753086,4.90123456790123,4.03703703703704,4.16049382716049,3.85185185185185,2.67901234567901,2.46913580246914,5.95061728395062,6.88888888888889,4.83950617283951,4.25925925925926,3.11111111111111,3.04938271604938,2.88888888888889,2.33333333333333,7.08641975308642,7.22222222222222,6.75308641975309,6.71604938271605,0.345679012345679,0.271604938271605,0.320987654320988,0.283950617283951,-0.74074074074074,-0.18518518518519,-0.98765432098765,-0.481481481481481,-0.0493827160493798,0.061728395061728,-1.11111111111111,-2.62962962962963,0.22222222222222,0.71604938271605,-0.33333333333333,-0.50617283950617,0.024691358024691,-0.012345679012346,649,724,0.481481481481481
1965,83,81,0.481927710843373,0.395061728395062,0.439024390243902,0.555555555555556,0.444444444444444,0.455555555555556,0.544444444444444,0.469135802469136,0.493827160493827,0.974,9.48192771084337,8.4320987654321,1.13253012048193,0.740740740740741,7.89156626506024,8.16049382716049,0.951807228915663,0.679012345679012,4.57831325301205,4.23456790123457,3.97590361445783,3.76543209876543,2.83132530120482,2.7283950617284,5.74698795180723,5.81481481481481,5.54216867469879,4.87654320987654,3.3855421686747,3.09876543209877,2.92771084337349,2.93827160493827,6.62650602409639,7.19753086419753,7.20481927710843,6.49382716049383,0.192771084337349,0.209876543209877,0.228915662650602,0.234567901234568,-0.60240963855422,-0.46913580246914,-1.59036144578313,-0.27160493827161,-0.180722891566267,-0.061728395061729,-0.20481927710844,-0.93827160493827,0.45783132530121,0.1604938271605,0.57831325301204,-0.7037037037037,-0.036144578313253,-0.024691358024691,635,723,0.444444444444444
1966,81,81,0.395061728395062,0.333333333333333,0.364197530864198,0.542372881355932,0.457627118644068,0.475728155339806,0.524271844660194,0.439024390243902,0.481927710843373,0.974,9.79012345679012,8.88888888888889,1.23456790123457,1.03703703703704,8.76543209876543,8.74074074074074,0.987654320987654,0.740740740740741,5.06172839506173,4.92592592592593,4.22222222222222,3.7283950617284,2.85185185185185,2.66666666666667,5.97530864197531,6.34567901234568,6.09876543209877,5.09876543209877,2.98765432098765,2.65432098765432,2.81481481481481,3.09876543209877,6.93827160493827,7.02469135802469,7.25925925925926,6.32098765432099,0.283950617283951,0.246913580246914,0.283950617283951,0.358024691358025,-0.83950617283951,-1.19753086419753,-1.02469135802469,-0.148148148148149,-0.246913580246916,-0.296296296296299,0.12345679012346,-1.24691358024691,0.17283950617284,-0.44444444444445,0.32098765432099,-0.7037037037037,0,-0.111111111111111,644,809,0.395061728395062
1967,84,78,0.583333333333333,0.487179487179487,0.537037037037037,0.563218390804598,0.436781609195402,0.459459459459459,0.540540540540541,0.364197530864198,0.395061728395062,0.981,8.46428571428571,8.21794871794872,1.07142857142857,0.666666666666667,8.33333333333333,8.62820512820513,0.833333333333333,0.743589743589744,3.95238095238095,3.74358974358974,4.35714285714286,4.30769230769231,2.52380952380952,2.48717948717949,5.14285714285714,6.15384615384615,5.75,5.19230769230769,3.17857142857143,3.1025641025641,2.92857142857143,2.78205128205128,6.57142857142857,7.1025641025641,6.86904761904762,6.67948717948718,0.202380952380952,0.41025641025641,0.166666666666667,0.384615384615385,0.40476190476191,0.56410256410257,-0.13095238095238,0.410256410256409,-0.238095238095237,0.076923076923077,0.60714285714286,-0.96153846153846,0.25,0.32051282051282,0.29761904761905,-0.423076923076921,0.035714285714285,0.025641025641025,702,624,0.333333333333333
1968,82,81,0.573170731707317,0.45679012345679,0.515337423312883,0.55952380952381,0.44047619047619,0.435897435897436,0.564102564102564,0.537037037037037,0.583333333333333,0.981,9.25609756097561,7.90123456790123,1.01219512195122,0.679012345679012,8.45121951219512,7.72839506172839,1.01219512195122,0.580246913580247,4.04878048780488,3.44444444444444,4.42682926829268,3.07407407407407,2.39024390243902,2.32098765432099,5.04878048780488,5.4320987654321,5.60975609756098,5.35802469135802,2.75609756097561,2.33333333333333,2.40243902439024,2.40740740740741,6.46341463414634,6.58024691358025,7.03658536585366,6.19753086419753,0.341463414634146,0.185185185185185,0.182926829268293,0.172839506172839,0.3780487804878,-0.37037037037037,-0.804878048780489,-0.172839506172839,0,-0.098765432098765,0.5609756097561,-0.0740740740740797,0.35365853658537,-0.0740740740740802,0.57317073170732,-0.38271604938272,0.158536585365853,0.012345679012346,612,611,0.487179487179487
1969,82,81,0.597560975609756,0.530864197530864,0.56441717791411,0.532608695652174,0.467391304347826,0.457142857142857,0.542857142857143,0.515337423312883,0.573170731707317,0.979,8.86585365853658,7.88888888888889,0.780487804878049,0.666666666666667,8.85365853658537,8.32098765432099,1.02439024390244,0.716049382716049,3.91463414634146,3.58024691358025,4.71951219512195,4.11111111111111,2.59756097560976,2.40740740740741,5.39024390243902,6,6.17073170731707,6.30864197530864,3.48780487804878,3.37037037037037,2.89024390243902,2.93827160493827,7.24390243902439,7.30864197530864,7.23170731707317,6.61728395061728,0.268292682926829,0.222222222222222,0.182926829268293,0.234567901234568,0.80487804878049,0.53086419753086,-0.0121951219512102,0.432098765432101,0.243902439024391,0.049382716049382,0.780487804878049,0.30864197530864,0.59756097560976,0.4320987654321,-0.01219512195122,-0.69135802469136,0.085365853658536,-0.012345679012346,720,611,0.45679012345679
1970,80,82,0.575,0.463414634146341,0.518518518518518,0.547619047619048,0.452380952380952,0.435897435897436,0.564102564102564,0.56441717791411,0.597560975609756,0.978,9.725,7.60975609756098,1.15,0.621951219512195,9.7375,7.86585365853659,1.3625,0.853658536585366,4.925,3.47560975609756,5.8875,4.08536585365854,2.475,2.0609756097561,4.8375,5.57317073170732,6.3125,6.03658536585366,4.0875,3.41463414634146,3.2125,2.65853658536585,7.3875,6.57317073170732,7.2125,6.40243902439024,0.3375,0.207317073170732,0.2875,0.317073170731707,0.9625,0.60975609756098,0.0125000000000011,0.25609756097561,0.2125,0.231707317073171,1.475,0.46341463414634,0.875,0.75609756097561,-0.175,-0.17073170731708,0.05,-0.109756097560975,806,679,0.530864197530864
1971,81,81,0.54320987654321,0.481481481481481,0.512345679012346,0.530120481927711,0.469879518072289,0.468354430379747,0.531645569620253,0.518518518518518,0.575,0.98,9.35802469135803,8.64197530864197,0.864197530864197,0.765432098765432,9.23456790123457,8.06172839506173,0.91358024691358,0.666666666666667,4.22222222222222,3.77777777777778,4.48148148148148,3.38271604938272,2.45679012345679,2.03703703703704,4.35802469135802,5.17283950617284,5.28395061728395,5.82716049382716,3.37037037037037,3.1358024691358,2.35802469135802,2.71604938271605,7.22222222222222,7.30864197530864,6.77777777777778,6.97530864197531,0.259259259259259,0.160493827160494,0.246913580246914,0.283950617283951,0.25925925925926,-0.39506172839506,-0.123456790123461,-0.58024691358024,0.0493827160493829,-0.098765432098765,0.92592592592593,0.654320987654319,1.01234567901235,0.41975308641975,-0.444444444444439,-0.333333333333329,0.012345679012345,-0.123456790123457,637,648,0.463414634146341
1972,77,79,0.597402597402597,0.493670886075949,0.544871794871795,0.541176470588235,0.458823529411765,0.442857142857143,0.557142857142857,0.512345679012346,0.54320987654321,0.979,8.8961038961039,8.15189873417722,0.818181818181818,0.620253164556962,9.38961038961039,7.88607594936709,1.07792207792208,0.632911392405063,3.96103896103896,3.31645569620253,5.09090909090909,3.70886075949367,2.33766233766234,2.18987341772152,4.98701298701299,5.45569620253165,5.31168831168831,5.25316455696202,3.75324675324675,3.49367088607595,2.79220779220779,2.60759493670886,7.31168831168831,6.78481012658228,7.22077922077922,6.69620253164557,0.324675324675325,0.189873417721519,0.181818181818182,0.215189873417722,1.12987012987013,0.39240506329114,0.493506493506489,-0.26582278481013,0.259740259740262,0.012658227848101,0.32467532467532,-0.20253164556963,0.96103896103896,0.88607594936709,-0.0909090909090899,-0.0886075949367102,0.142857142857143,-0.025316455696203,685,567,0.481481481481481
1973,80,81,0.5125,0.444444444444444,0.478260869565217,0.532467532467532,0.467532467532468,0.464285714285714,0.535714285714286,0.544871794871795,0.597402597402597,0.975,9.775,8.50617283950617,0.9,0.691358024691358,8.5625,7.8641975308642,0.825,0.62962962962963,4.45,3.69135802469136,4.0875,3.54320987654321,2.7625,2.33333333333333,5.15,5.46913580246914,5.6625,5.33333333333333,3.425,3.71604938271605,2.525,2.91358024691358,7.075,6.95061728395062,7.025,6.92592592592593,0.1375,0.123456790123457,0.1875,0.185185185185185,-0.3625,-0.14814814814815,-1.2125,-0.641975308641971,-0.0750000000000001,-0.061728395061728,0.512499999999999,-0.135802469135809,0.9,0.80246913580247,-0.0499999999999998,-0.0246913580246897,-0.05,-0.061728395061728,614,655,0.493670886075949
1974,81,81,0.395061728395062,0.419753086419753,0.407407407407407,0.484848484848485,0.515151515151515,0.510416666666667,0.489583333333333,0.478260869565217,0.5125,0.969,10.4320987654321,9.23456790123457,0.888888888888889,0.617283950617284,8.58024691358025,8.66666666666667,0.827160493827161,0.530864197530864,5.23456790123457,4.96296296296296,4.24691358024691,4.01234567901235,3.19753086419753,3.08641975308642,5.04938271604938,5.53086419753086,5.87654320987654,5.17283950617284,3.80246913580247,3.8641975308642,3.48148148148148,3.62962962962963,7.54320987654321,7.74074074074074,8.18518518518519,7.77777777777778,0.271604938271605,0.246913580246914,0.222222222222222,0.296296296296296,-0.98765432098766,-0.95061728395061,-1.85185185185185,-0.5679012345679,-0.061728395061728,-0.08641975308642,0.82716049382716,-0.35802469135802,0.32098765432099,0.23456790123457,0.641975308641981,0.0370370370370408,0.049382716049383,-0.049382716049382,669,826,0.444444444444444
1975,81,81,0.518518518518518,0.407407407407407,0.462962962962963,0.56,0.44,0.448275862068966,0.551724137931034,0.407407407407407,0.395061728395062,0.972,10.320987654321,9.2716049382716,0.876543209876543,0.728395061728395,9.02469135802469,8.49382716049383,0.666666666666667,0.506172839506173,5.27160493827161,4.93827160493827,4.83950617283951,3.95061728395062,3.01234567901235,2.66666666666667,4.82716049382716,5.07407407407407,5.38271604938272,5.11111111111111,4.4320987654321,3.59259259259259,3.50617283950617,3.2962962962963,8.08641975308642,7.49382716049383,8,7.09876543209877,0.259259259259259,0.246913580246914,0.160493827160494,0.382716049382716,-0.4320987654321,-0.98765432098765,-1.29629629629631,-0.777777777777771,-0.209876543209876,-0.222222222222222,0.555555555555561,0.0370370370370399,0.92592592592593,0.29629629629629,-0.0864197530864192,-0.39506172839506,0.098765432098765,-0.135802469135802,712,827,0.419753086419753
1976,81,81,0.518518518518518,0.407407407407407,0.462962962962963,0.56,0.44,0.448275862068966,0.551724137931034,0.462962962962963,0.518518518518518,0.978,9.91358024691358,8.74074074074074,1.03703703703704,0.481481481481481,8.79012345679012,8.32098765432099,0.876543209876543,0.419753086419753,4.75308641975309,4.23456790123457,4.38271604938272,3.16049382716049,3.09876543209877,2.96296296296296,4.83950617283951,5.45679012345679,5.28395061728395,5.20987654320988,3.18518518518519,2.8641975308642,2.7283950617284,3.32098765432099,6.67901234567901,6.96296296296296,7.08641975308642,7.07407407407407,0.209876543209877,0.0864197530864197,0.37037037037037,0.444444444444444,-0.370370370370369,-1.07407407407408,-1.12345679012346,-0.41975308641975,-0.160493827160497,-0.061728395061728,0.44444444444444,-0.24691358024691,0.45679012345679,-0.45679012345679,0.40740740740741,0.11111111111111,-0.160493827160493,-0.358024691358024,611,728,0.407407407407407
1977,81,81,0.567901234567901,0.432098765432099,0.5,0.567901234567901,0.432098765432099,0.432098765432099,0.567901234567901,0.462962962962963,0.518518518518518,0.977,9.49382716049383,9.02469135802469,1.01234567901235,0.567901234567901,10.1481481481481,8.23456790123457,0.851851851851852,0.518518518518518,4.96296296296296,4.16049382716049,5.07407407407407,3.46913580246914,3.06172839506173,2.87654320987654,4.77777777777778,5.04938271604938,6.19753086419753,5.4320987654321,3.49382716049383,3.09876543209877,3.32098765432099,2.71604938271605,7.71604938271605,6.98765432098765,7.11111111111111,6.60493827160494,0.259259259259259,0.197530864197531,0.160493827160494,0.308641975308642,0.11111111111111,-0.69135802469135,0.654320987654271,-0.79012345679012,-0.160493827160498,-0.0493827160493829,1.41975308641975,0.38271604938272,0.17283950617284,0.38271604938272,-0.60493827160494,-0.38271604938271,0.098765432098765,-0.111111111111111,692,739,0.407407407407407
1978,82,80,0.536585365853659,0.4375,0.487654320987654,0.556962025316456,0.443037974683544,0.457831325301205,0.542168674698795,0.5,0.567901234567901,0.978,9.79268292682927,8.4,0.926829268292683,0.6125,9.65853658536585,8.3625,0.5,0.3875,4.71951219512195,4.2125,4.79268292682927,3.3875,3.1219512195122,2.9125,4.53658536585366,4.675,4.90243902439024,4.575,3.74390243902439,3.1875,3.26829268292683,3.3875,7.91463414634146,7.1,7.42682926829268,7.0625,0.341463414634146,0.25,0.280487804878049,0.3375,0.0731707317073207,-0.825,-0.134146341463421,-0.0374999999999996,-0.426829268292683,-0.225,0.36585365853658,-0.0999999999999996,0.47560975609756,-0.2,-0.48780487804878,-0.0374999999999996,0.060975609756097,-0.0875,664,724,0.432098765432099
1979,81,81,0.555555555555556,0.432098765432099,0.493827160493827,0.5625,0.4375,0.439024390243902,0.560975609756098,0.487654320987654,0.536585365853659,0.975,9.46913580246914,9.04938271604938,0.888888888888889,0.679012345679012,10.2098765432099,8.23456790123457,0.975308641975309,0.691358024691358,4.5679012345679,4.16049382716049,5.22222222222222,3.49382716049383,2.74074074074074,2.80246913580247,4.38271604938272,5.02469135802469,5.7037037037037,5.81481481481481,3.09876543209877,2.80246913580247,3.25925925925926,3.17283950617284,7.20987654320988,6.8641975308642,7.03703703703704,7.58024691358025,0.320987654320988,0.209876543209877,0.320987654320988,0.358024691358025,0.654320987654319,-0.66666666666666,0.74074074074076,-0.81481481481481,0.08641975308642,0.012345679012346,1.32098765432098,0.790123456790121,-0.16049382716049,-0.37037037037037,-0.17283950617284,0.716049382716051,0,-0.148148148148148,706,707,0.4375
1980,81,81,0.45679012345679,0.333333333333333,0.395061728395062,0.578125,0.421875,0.448979591836735,0.551020408163265,0.493827160493827,0.555555555555556,0.974,9.80246913580247,9.02469135802469,0.765432098765432,0.580246913580247,8.98765432098766,8.4320987654321,0.666666666666667,0.654320987654321,4.75308641975309,4.23456790123457,4.17283950617284,3.40740740740741,3.04938271604938,3.19753086419753,5.12345679012346,6.1358024691358,5.83950617283951,5.55555555555556,2.91358024691358,2.90123456790123,3.65432098765432,3.61728395061728,6.93827160493827,6.87654320987654,7.77777777777778,7.49382716049383,0.172839506172839,0.259259259259259,0.259259259259259,0.395061728395062,-0.580246913580249,-0.82716049382716,-0.81481481481481,-0.59259259259259,-0.098765432098765,0.074074074074074,0.71604938271605,-0.580246913580241,-0.74074074074074,-0.71604938271605,0.83950617283951,0.61728395061729,-0.08641975308642,-0.135802469135803,614,728,0.432098765432099
1981,58,48,0.46551724137931,0.229166666666667,0.358490566037736,0.710526315789474,0.289473684210526,0.461538461538462,0.538461538461538,0.395061728395062,0.45679012345679,0.974,9.24137931034483,9.3125,0.655172413793103,0.4375,8.39655172413793,7.3125,0.706896551724138,0.333333333333333,4.37931034482759,4.77083333333333,4.12068965517241,2.72916666666667,3.51724137931034,3.4375,5.51724137931035,6.0625,5.18965517241379,4.8125,3.32758620689655,3.10416666666667,3.41379310344828,3.95833333333333,6.60344827586207,7.04166666666667,7.41379310344828,7.95833333333333,0.379310344827586,0.145833333333333,0.241379310344828,0.354166666666667,-0.25862068965518,-2.04166666666666,-0.844827586206899,-2,0.051724137931035,-0.104166666666667,-0.32758620689656,-1.25,-0.08620689655173,-0.85416666666666,0.81034482758621,0.916666666666661,0.137931034482758,-0.208333333333334,370,483,0.333333333333333
1982,81,81,0.469135802469136,0.432098765432099,0.450617283950617,0.520547945205479,0.479452054794521,0.48314606741573,0.51685393258427,0.358490566037736,0.46551724137931,0.979,9.5679012345679,9.07407407407407,0.765432098765432,0.777777777777778,8.97530864197531,8.75308641975309,0.654320987654321,0.604938271604938,4.58024691358025,4.17283950617284,4.34567901234568,4,3.14814814814815,3.22222222222222,5.02469135802469,5.7037037037037,5.17283950617284,4.25925925925926,2.88888888888889,2.79012345679012,2.87654320987654,2.7037037037037,6.85185185185185,6.65432098765432,7.17283950617284,6.79012345679012,0.320987654320988,0.246913580246914,0.197530864197531,0.283950617283951,-0.234567901234571,-0.17283950617284,-0.59259259259259,-0.32098765432098,-0.111111111111111,-0.17283950617284,0.148148148148151,-1.44444444444444,0.0123456790123502,0.0864197530864197,0.32098765432099,0.1358024691358,0.123456790123457,-0.037037037037037,676,709,0.229166666666667
1983,81,81,0.530864197530864,0.345679012345679,0.438271604938272,0.605633802816901,0.394366197183099,0.417582417582418,0.582417582417582,0.450617283950617,0.469135802469136,0.982,8.92592592592593,9.54320987654321,0.851851851851852,0.592592592592593,8.85185185185185,8.87654320987654,0.876543209876543,0.851851851851852,4.20987654320988,4.66666666666667,4.74074074074074,3.91358024691358,3.20987654320988,3.34567901234568,5.27160493827161,5.44444444444444,5.37037037037037,4.59259259259259,3.18518518518519,2.61728395061728,3.12345679012346,3.02469135802469,6.74074074074074,7.08641975308642,6.71604938271605,6.92592592592593,0.283950617283951,0.234567901234568,0.283950617283951,0.358024691358025,0.530864197530859,-0.75308641975309,-0.0740740740740797,-0.66666666666667,0.024691358024691,0.259259259259259,0.0987654320987605,-0.85185185185185,0.06172839506173,-0.40740740740741,-0.0246913580246897,-0.16049382716049,0,-0.123456790123457,701,719,0.432098765432099
1984,80,81,0.6375,0.555555555555556,0.596273291925466,0.53125,0.46875,0.446153846153846,0.553846153846154,0.438271604938272,0.530864197530864,0.981,9.3625,8.75308641975309,0.875,0.358024691358025,8.9625,8.61728395061728,1.075,0.617283950617284,4.5,3.67901234567901,5.175,4.2962962962963,2.875,2.49382716049383,5.8,6.20987654320988,5.7625,5.16049382716049,3.7375,3.30864197530864,2.825,2.66666666666667,6.8875,7,6.5125,7.06172839506173,0.3625,0.222222222222222,0.3,0.308641975308642,0.675,0.61728395061729,-0.4,-0.135802469135811,0.2,0.259259259259259,-0.0374999999999996,-1.04938271604939,0.9125,0.64197530864197,-0.375,0.0617283950617296,0.0625,-0.08641975308642,762,658,0.345679012345679
1985,81,81,0.506172839506173,0.444444444444444,0.475308641975309,0.532467532467532,0.467532467532468,0.464285714285714,0.535714285714286,0.596273291925466,0.6375,0.979,9.83950617283951,8.58024691358025,1.28395061728395,0.641975308641975,9.28395061728395,7.96296296296296,1.20987654320988,0.641975308641975,5.22222222222222,3.77777777777778,4.92592592592593,3.54320987654321,3.09876543209877,2.76543209876543,5.61728395061728,5.95061728395062,5.49382716049383,4.62962962962963,3.8641975308642,3.07407407407407,3.38271604938272,3.02469135802469,7.49382716049383,6.66666666666667,6.96296296296296,7.09876543209877,0.197530864197531,0.148148148148148,0.320987654320988,0.259259259259259,-0.29629629629629,-0.23456790123457,-0.555555555555561,-0.61728395061729,-0.0740740740740702,0,-0.123456790123449,-1.32098765432099,0.48148148148148,0.0493827160493798,-0.53086419753087,0.432098765432101,-0.123456790123457,-0.111111111111111,686,729,0.555555555555556
1986,80,80,0.525,0.35,0.4375,0.6,0.4,0.422222222222222,0.577777777777778,0.475308641975309,0.506172839506173,0.98,10.1625,9.1625,0.9875,0.8,9.425,8.1875,1.1125,0.825,4.9875,4.775,4.925,3.575,3.25,3.075,6.1875,5.8875,6.3625,5.6625,3.2625,3.0875,3.75,3.2125,6.875,6.7125,7.5125,6.6375,0.2125,0.125,0.1625,0.325,-0.0625,-1.2,-0.737499999999999,-0.975,0.125,0.0249999999999999,0.175,-0.225000000000001,-0.4875,-0.125,0.6375,-0.0750000000000002,0.05,-0.2,680,781,0.444444444444444
1987,80,81,0.5,0.444444444444444,0.472049689440994,0.526315789473684,0.473684210526316,0.470588235294118,0.529411764705882,0.4375,0.525,0.979,9.475,9.45679012345679,1.125,0.851851851851852,9.375,8.95061728395062,1.425,1.17283950617284,4.8625,5.08641975308642,4.7625,4.18518518518519,3.0125,3.04938271604938,6.2875,6.92592592592593,6.85,5.87654320987654,3.1125,3.14814814814815,4.025,3.77777777777778,7.175,7.16049382716049,7.55,7.41975308641975,0.2625,0.148148148148148,0.25,0.283950617283951,-0.0999999999999996,-0.901234567901231,-0.0999999999999996,-0.506172839506169,0.3,0.320987654320988,0.5625,-1.04938271604939,-0.912500000000001,-0.62962962962963,0.375,0.25925925925926,0.0125,-0.135802469135803,720,801,0.35
1988,82,81,0.475609756097561,0.469135802469136,0.47239263803681,0.506493506493506,0.493506493506494,0.494117647058824,0.505882352941176,0.472049689440994,0.5,0.98,9.69512195121951,8.62962962962963,0.865853658536585,0.54320987654321,9.34146341463415,8.82716049382716,0.707317073170732,0.679012345679012,4.54878048780488,3.96296296296296,4.21951219512195,3.87654320987654,2.85365853658537,2.7037037037037,5.42682926829268,5.74074074074074,5.90243902439024,5.09876543209877,2.5,2.44444444444444,2.79268292682927,3.22222222222222,7.0609756097561,6.87654320987654,7.31707317073171,7.27160493827161,0.353658536585366,0.209876543209877,0.207317073170732,0.234567901234568,-0.32926829268293,-0.0864197530864201,-0.35365853658536,0.19753086419753,-0.158536585365853,0.135802469135802,0.47560975609756,-0.641975308641969,-0.29268292682927,-0.77777777777778,0.25609756097561,0.39506172839507,0.146341463414634,-0.024691358024691,660,694,0.444444444444444
1989,81,81,0.592592592592593,0.555555555555556,0.574074074074074,0.516129032258065,0.483870967741935,0.478260869565217,0.521739130434783,0.47239263803681,0.475609756097561,0.98,8.74074074074074,8.16049382716049,0.790123456790123,0.518518518518518,9.06172839506173,8.69135802469136,0.753086419753086,0.777777777777778,4.12345679012346,3.5679012345679,4.7037037037037,3.96296296296296,3.20987654320988,2.96296296296296,5.19753086419753,6.17283950617284,6.24691358024691,5.08641975308642,2.92592592592593,2.90123456790123,3.19753086419753,3.37037037037037,6.66666666666667,6.82716049382716,7.09876543209877,7.20987654320988,0.234567901234568,0.320987654320988,0.234567901234568,0.172839506172839,0.58024691358024,0.39506172839506,0.320987654320989,0.530864197530869,-0.037037037037037,0.25925925925926,1.04938271604938,-1.08641975308642,-0.2716049382716,-0.46913580246914,0.432098765432101,0.38271604938272,0,0.148148148148149,702,623,0.469135802469136
1990,81,81,0.481481481481481,0.469135802469136,0.475308641975309,0.506493506493506,0.493506493506494,0.494117647058824,0.505882352941176,0.574074074074074,0.592592592592593,0.98,10.3950617283951,8.24691358024691,0.901234567901235,0.592592592592593,9.7283950617284,8.46913580246914,0.925925925925926,0.753086419753086,5.39506172839506,4.16049382716049,4.59259259259259,3.92592592592593,3.28395061728395,2.98765432098765,5.14814814814815,5.58024691358025,5.44444444444444,5.38271604938272,2.49382716049383,2.51851851851852,3.62962962962963,3.4320987654321,7.18518518518519,6.69135802469136,7.88888888888889,7.14814814814815,0.246913580246914,0.197530864197531,0.271604938271605,0.308641975308642,-0.80246913580247,-0.23456790123456,-0.666666666666702,0.22222222222223,0.024691358024691,0.160493827160493,0.296296296296291,-0.19753086419753,-1.1358024691358,-0.91358024691358,0.703703703703701,0.456790123456789,-0.024691358024691,-0.111111111111111,690,774,0.555555555555556
1991,83,77,0.55421686746988,0.402597402597403,0.48125,0.597402597402597,0.402597402597403,0.44578313253012,0.55421686746988,0.475308641975309,0.481481481481481,0.982,9.19277108433735,8.46753246753247,0.903614457831325,0.545454545454545,8.80722891566265,8.62337662337662,1.12048192771084,0.857142857142857,4.7710843373494,4.38961038961039,4.65060240963855,4.01298701298701,3.33734939759036,3.15584415584416,5.12048192771084,5.8961038961039,6.03614457831325,5.53246753246753,2.6144578313253,2.92207792207792,3.09638554216867,3.7012987012987,6.65060240963855,6.77922077922078,6.73493975903614,7.28571428571429,0.120481927710843,0.207792207792208,0.313253012048193,0.311688311688312,-0.12048192771085,-0.37662337662338,-0.3855421686747,0.15584415584415,0.216867469879515,0.311688311688312,0.915662650602409,-0.36363636363637,-0.48192771084337,-0.77922077922078,0.0843373493975905,0.50649350649351,-0.19277108433735,-0.103896103896104,695,734,0.469135802469136
1992,81,81,0.530864197530864,0.432098765432099,0.481481481481481,0.551282051282051,0.448717948717949,0.452380952380952,0.547619047619048,0.48125,0.55421686746988,0.982,8.25925925925926,8.24691358024691,0.604938271604938,0.716049382716049,8.77777777777778,8.75308641975309,0.728395061728395,0.555555555555556,3.66666666666667,4.03703703703704,3.88888888888889,3.4320987654321,3.23456790123457,3.37037037037037,5.07407407407407,5,5.91358024691358,5.20987654320988,2.93827160493827,2.20987654320988,3.44444444444444,3.65432098765432,7.18518518518519,6.98765432098765,7.25925925925926,7.18518518518519,0.308641975308642,0.197530864197531,0.271604938271605,0.160493827160494,0.22222222222222,-0.60493827160494,0.518518518518521,0.506172839506181,0.123456790123457,-0.160493827160493,0.83950617283951,0.20987654320988,-0.50617283950617,-1.44444444444444,0.0740740740740709,0.19753086419754,0.037037037037037,0.037037037037037,593,624,0.402597402597403
1993,82,81,0.524390243902439,0.506172839506173,0.515337423312883,0.511904761904762,0.488095238095238,0.487179487179487,0.512820512820513,0.481481481481481,0.530864197530864,0.982,9.28048780487805,9.2962962962963,1.14634146341463,0.728395061728395,9.5609756097561,9.09876543209877,0.926829268292683,1.04938271604938,4.65853658536585,4.40740740740741,4.64634146341463,4.40740740740741,3.68292682926829,3.49382716049383,5.52439024390244,5.80246913580247,5.75609756097561,5.34567901234568,2.71951219512195,2.75308641975309,3.07317073170732,2.69135802469136,6.80487804878049,7.09876543209877,6.76829268292683,6.60493827160494,0.195121951219512,0.197530864197531,0.280487804878049,0.185185185185185,-0.01219512195122,0,0.280487804878051,-0.19753086419753,-0.219512195121947,0.320987654320985,0.23170731707317,-0.45679012345679,-0.35365853658537,0.06172839506173,-0.0365853658536599,-0.49382716049383,-0.085365853658537,0.012345679012346,738,739,0.432098765432099
1994,59,54,0.338983050847458,0.537037037037037,0.433628318584071,0.408163265306122,0.591836734693878,0.609375,0.390625,0.515337423312883,0.524390243902439,0.982,9.54237288135593,9.09259259259259,1.20338983050847,0.907407407407407,8.27118644067797,9.75925925925926,0.796610169491525,1.14814814814815,4.86440677966102,4.85185185185185,3.66101694915254,5.25925925925926,3.59322033898305,3.46296296296296,6.30508474576271,7,6.47457627118644,6.2037037037037,3.23728813559322,3.2037037037037,3.28813559322034,3.66666666666667,7.11864406779661,7.07407407407407,6.88135593220339,7.16666666666667,0.203389830508475,0.259259259259259,0.186440677966102,0.277777777777778,-1.20338983050848,0.40740740740741,-1.27118644067796,0.66666666666667,-0.406779661016945,0.240740740740743,0.16949152542373,-0.7962962962963,-0.0508474576271198,-0.46296296296297,-0.23728813559322,0.0925925925925997,0.016949152542373,-0.018518518518519,500,549,0.506172839506173
1995,72,72,0.472222222222222,0.541666666666667,0.506944444444444,0.465753424657534,0.534246575342466,0.535211267605634,0.464788732394366,0.433628318584071,0.338983050847458,0.979,9.41666666666667,8.81944444444444,1.15277777777778,1.09722222222222,9.05555555555556,9.20833333333333,1.15277777777778,1.04166666666667,4.86111111111111,4.45833333333333,4.70833333333333,4.91666666666667,4.19444444444444,3.55555555555556,6.20833333333333,7.02777777777778,6.93055555555556,5.93055555555556,3.02777777777778,3.08333333333333,3.84722222222222,3.34722222222222,6.48611111111111,6.79166666666667,7.91666666666667,7.22222222222222,0.208333333333333,0.333333333333333,0.180555555555556,0.138888888888889,-0.152777777777779,0.458333333333339,-0.361111111111109,0.388888888888891,0,-0.05555555555555,0.722222222222229,-1.09722222222222,-0.81944444444444,-0.26388888888889,1.43055555555556,0.43055555555555,0.027777777777777,0.194444444444444,693,671,0.537037037037037
1996,81,81,0.530864197530864,0.407407407407407,0.469135802469136,0.565789473684211,0.434210526315789,0.441860465116279,0.558139534883721,0.506944444444444,0.472222222222222,0.983,8.93827160493827,8.92592592592593,1.12345679012346,1.14814814814815,8.64197530864197,8.49382716049383,1.19753086419753,0.962962962962963,4.59259259259259,4.92592592592593,5.09876543209877,4.4320987654321,3.71604938271605,3.7037037037037,6.66666666666667,6.79012345679012,6.55555555555556,6.12345679012346,3.37037037037037,3.08641975308642,3.18518518518519,3.55555555555556,6.58024691358025,6.72839506172839,6.91358024691358,7.01234567901235,0.135802469135802,0.0987654320987654,0.197530864197531,0.222222222222222,0.50617283950618,-0.49382716049383,-0.296296296296301,-0.4320987654321,0.07407407407407,-0.185185185185187,-0.11111111111111,-0.66666666666666,0.18518518518518,-0.46913580246914,0.333333333333329,0.28395061728396,-0.061728395061729,-0.123456790123457,772,771,0.541666666666667
1997,81,81,0.518518518518518,0.320987654320988,0.419753086419753,0.617647058823529,0.382352941176471,0.414893617021277,0.585106382978723,0.469135802469136,0.530864197530864,0.981,8.87654320987654,9.03703703703704,1.30864197530864,0.975308641975309,9.41975308641975,8.40740740740741,0.975308641975309,0.592592592592593,4.48148148148148,4.88888888888889,4.97530864197531,3.50617283950617,3.81481481481481,3.62962962962963,6.02469135802469,6.35802469135802,7.19753086419753,6.03703703703704,3.02469135802469,2.54320987654321,3.67901234567901,3.60493827160494,6.80246913580247,6.69135802469136,7.4320987654321,7.1358024691358,0.234567901234568,0.246913580246914,0.148148148148148,0.246913580246914,0.49382716049383,-1.38271604938272,0.543209876543209,-0.62962962962963,-0.333333333333331,-0.382716049382716,1.17283950617284,-0.32098765432098,-0.65432098765432,-1.06172839506173,0.62962962962963,0.44444444444444,0.08641975308642,0,687,759,0.407407407407407
1998,82,81,0.621951219512195,0.481481481481481,0.552147239263804,0.566666666666667,0.433333333333333,0.424657534246575,0.575342465753425,0.419753086419753,0.518518518518518,0.984,9.4390243902439,9.30864197530864,1.07317073170732,1.1358024691358,9.25609756097561,9.07407407407407,1.35365853658537,1.24691358024691,4.85365853658537,4.8641975308642,5.13414634146341,5.06172839506173,3.90243902439024,3.60493827160494,6.89024390243902,8.12345679012346,7.82926829268293,6.97530864197531,3.76829268292683,3.60493827160494,3.53658536585366,3.51851851851852,7.29268292682927,6.96296296296296,7.54878048780488,7.76543209876543,0.207317073170732,0.209876543209877,0.195121951219512,0.222222222222222,0.28048780487804,0.19753086419753,-0.18292682926829,-0.23456790123457,0.28048780487805,0.11111111111111,0.93902439024391,-1.14814814814815,0.23170731707317,0.0864197530864201,0.25609756097561,0.80246913580247,0.01219512195122,-0.012345679012345,831,792,0.320987654320988
1999,81,81,0.419753086419753,0.407407407407407,0.41358024691358,0.507462686567164,0.492537313432836,0.494736842105263,0.505263157894737,0.552147239263804,0.621951219512195,0.977,10.5555555555556,9.4320987654321,1.53086419753086,1.19753086419753,9.01234567901234,8.40740740740741,1.20987654320988,1.12345679012346,6.06172839506173,5.2962962962963,4.87654320987654,4.34567901234568,3.93827160493827,3.50617283950617,6.88888888888889,7.55555555555556,6.34567901234568,5.75308641975309,3.62962962962963,3.41975308641975,3.2962962962963,3.23456790123457,7.07407407407407,6.87654320987654,7.33333333333333,6.82716049382716,0.271604938271605,0.160493827160494,0.185185185185185,0.320987654320988,-1.18518518518519,-0.950617283950621,-1.54320987654326,-1.02469135802469,-0.32098765432098,-0.07407407407407,-0.543209876543211,-1.80246913580247,0.33333333333333,0.18518518518518,0.25925925925926,-0.0493827160493803,0.08641975308642,-0.160493827160494,747,920,0.481481481481481
2000,81,81,0.469135802469136,0.333333333333333,0.401234567901235,0.584615384615385,0.415384615384615,0.443298969072165,0.556701030927835,0.41358024691358,0.419753086419753,0.983,8.62962962962963,9.95061728395062,1.28395061728395,1.5679012345679,8.7037037037037,8.90123456790123,1.03703703703704,1.22222222222222,4.80246913580247,6.35802469135802,4.40740740740741,5.02469135802469,3.51851851851852,3.67901234567901,6.74074074074074,7.08641975308642,7.35802469135802,6.75308641975309,3.88888888888889,3.91358024691358,3.97530864197531,4.14814814814815,7.61728395061728,7.38271604938272,7.28395061728395,7.32098765432099,0.111111111111111,0.172839506172839,0.0987654320987654,0.259259259259259,-0.39506172839506,-1.33333333333333,0.0740740740740709,-1.04938271604939,-0.24691358024691,-0.34567901234568,0.61728395061728,-0.33333333333333,-0.0864197530864197,-0.23456790123457,-0.333333333333329,-0.0617283950617304,0.0123456790123456,-0.08641975308642,764,904,0.407407407407407
2001,81,81,0.592592592592593,0.493827160493827,0.54320987654321,0.545454545454545,0.454545454545455,0.445945945945946,0.554054054054054,0.401234567901235,0.469135802469136,0.982,7.85185185185185,8.90123456790123,0.925925925925926,1.09876543209877,8.61728395061728,8.77777777777778,1.17283950617284,1.22222222222222,3.93827160493827,4.71604938271605,4.85185185185185,4.74074074074074,3.85185185185185,3.7283950617284,6.64197530864198,6.65432098765432,8.7037037037037,7.88888888888889,3.64197530864198,3.48148148148148,3.41975308641975,3.37037037037037,7.04938271604938,7.22222222222222,6.77777777777778,7.38271604938272,0.185185185185185,0.209876543209877,0.0864197530864197,0.222222222222222,0.91358024691358,0.0246913580246897,0.765432098765429,-0.12345679012345,0.246913580246914,0.12345679012345,2.06172839506172,1.23456790123457,0.22222222222223,0.11111111111111,-0.2716049382716,0.160493827160501,0.0987654320987653,-0.012345679012345,777,701,0.333333333333333
2002,81,81,0.444444444444444,0.382716049382716,0.41358024691358,0.537313432835821,0.462686567164179,0.473684210526316,0.526315789473684,0.54320987654321,0.592592592592593,0.981,8.25925925925926,8.69135802469136,1.2962962962963,0.765432098765432,7.85185185185185,8.82716049382716,1.22222222222222,1.24691358024691,4.64197530864198,4.72839506172839,4.18518518518519,4.53086419753086,3.4320987654321,3.38271604938272,7.75308641975309,7.91358024691358,9.12345679012346,7.33333333333333,3.79012345679012,3.4320987654321,3.60493827160494,3.87654320987654,7.18518518518519,7.2962962962963,6.81481481481481,7.41975308641975,0.160493827160494,0.197530864197531,0.123456790123457,0.246913580246914,-0.45679012345679,-0.19753086419753,-0.407407407407409,0.1358024691358,-0.07407407407408,0.481481481481478,1.37037037037037,-0.580246913580249,0.18518518518518,-0.44444444444444,-0.370370370370379,0.123456790123449,0.037037037037037,-0.049382716049383,706,759,0.493827160493827
2003,81,81,0.54320987654321,0.54320987654321,0.54320987654321,0.5,0.5,0.5,0.5,0.41358024691358,0.444444444444444,0.983,8.16049382716049,7.93827160493827,0.827160493827161,0.938271604938272,8.59259259259259,9.07407407407407,1.06172839506173,1.06172839506173,4.28395061728395,4.14814814814815,4.27160493827161,4.66666666666667,3.61728395061728,3.5679012345679,7.51851851851852,6.77777777777778,9.18518518518519,8.14814814814815,3.22222222222222,2.85185185185185,4.03703703703704,3.58024691358025,7.16049382716049,6.59259259259259,7.45679012345679,7.04938271604938,0.135802469135802,0.160493827160494,0.111111111111111,0.123456790123457,-0.0123456790123404,0.51851851851852,0.4320987654321,1.1358024691358,0.234567901234569,0.123456790123458,1.66666666666667,1.37037037037037,-0.81481481481482,-0.7283950617284,0.2962962962963,0.45679012345679,0.024691358024691,0.037037037037037,724,683,0.382716049382716
2004,82,80,0.548780487804878,0.55,0.549382716049383,0.50561797752809,0.49438202247191,0.506849315068493,0.493150684931507,0.54320987654321,0.54320987654321,0.986,8.63414634146342,8.1875,1.17073170731707,0.9125,9.35365853658537,9.2625,1.67073170731707,1.225,4.29268292682927,3.9125,5.19512195121951,4.5375,3.85365853658537,3.825,6.14634146341463,7.2,8.30487804878049,8.3125,3.08536585365854,2.95,3.25609756097561,3.475,6.9390243902439,6.9,7.28048780487805,7.55,0.170731707317073,0.1875,0.182926829268293,0.2,0.902439024390239,0.625,0.719512195121949,1.075,0.5,0.3125,2.15853658536586,1.1125,-0.17073170731707,-0.525,0.34146341463415,0.649999999999999,-0.01219512195122,-0.0125,789,665,0.54320987654321
2005,81,81,0.469135802469136,0.506172839506173,0.487654320987654,0.481012658227848,0.518987341772152,0.518072289156627,0.481927710843373,0.549382716049383,0.548780487804878,0.983,8.55555555555556,8.19753086419753,1.18518518518519,1.11111111111111,9.17283950617284,9.41975308641975,1.22222222222222,1.17283950617284,4.4320987654321,4.38271604938272,4.37037037037037,4.30864197530864,3.79012345679012,3.85185185185185,5.49382716049383,5.8641975308642,8.09876543209877,7.40740740740741,2.48148148148148,2.69135802469136,3.54320987654321,3.5679012345679,6.71604938271605,7.27160493827161,7.2962962962963,6.91358024691358,0.160493827160494,0.123456790123457,0.111111111111111,0.123456790123457,-0.0617283950617296,-0.0740740740740806,0.61728395061728,1.22222222222222,0.0370370370370301,0.06172839506173,2.60493827160494,1.54320987654321,-1.06172839506173,-0.87654320987654,0.58024691358025,-0.35802469135803,0.049382716049383,0,703,714,0.55
2006,81,81,0.444444444444444,0.37037037037037,0.407407407407407,0.545454545454545,0.454545454545455,0.46875,0.53125,0.487654320987654,0.469135802469136,0.982,8.44444444444444,8.79012345679012,1.54320987654321,1.04938271604938,9.50617283950617,8.96296296296296,1,1.04938271604938,5.2962962962963,5,4.61728395061728,4.22222222222222,4.33333333333333,4.35802469135802,5.53086419753086,5.92592592592593,8.5679012345679,6.8641975308642,2.41975308641975,2.45679012345679,3.90123456790123,4.58024691358025,6.74074074074074,6.61728395061728,6.95061728395062,8.04938271604938,0.296296296296296,0.271604938271605,0.259259259259259,0.135802469135802,-0.679012345679021,-0.77777777777778,1.06172839506173,0.17283950617284,-0.54320987654321,0,3.03703703703704,0.93827160493827,-1.48148148148148,-2.12345679012346,0.20987654320988,1.4320987654321,0.037037037037037,0.135802469135803,716,834,0.506172839506173
2007,81,81,0.54320987654321,0.506172839506173,0.524691358024691,0.517647058823529,0.482352941176471,0.480519480519481,0.519480519480519,0.407407407407407,0.444444444444444,0.984,8.80246913580247,7.74074074074074,1.04938271604938,0.987654320987654,9.58024691358025,9.30864197530864,1.03703703703704,0.827160493827161,4.5679012345679,3.95061728395062,5.03703703703704,4.24691358024691,4.04938271604938,3.85185185185185,6.69135802469136,6.32098765432099,7.90123456790123,7.04938271604938,3.2716049382716,2.90123456790123,3.7037037037037,3.37037037037037,7.27160493827161,7.41975308641975,7.54320987654321,6.72839506172839,0.160493827160494,0.185185185185185,0.172839506172839,0.185185185185185,0.46913580246914,0.29629629629629,0.77777777777778,1.5679012345679,-0.01234567901234,-0.160493827160493,1.20987654320987,0.72839506172839,-0.4320987654321,-0.46913580246914,0.2716049382716,-0.691358024691359,-0.012345679012345,0,752,690,0.37037037037037
2008,81,80,0.679012345679012,0.525,0.602484472049689,0.56701030927835,0.43298969072165,0.40625,0.59375,0.524691358024691,0.54320987654321,0.983,8.45679012345679,8.05,0.987654320987654,1,9.71604938271605,9.5625,1.30864197530864,0.975,4.18518518518519,4.15,5.60493827160494,5.0125,3.88888888888889,4.05,6.95061728395062,7.7875,8.34567901234568,7.35,3.96296296296296,3.9375,3.16049382716049,3.65,7.38271604938272,7.9875,7.24691358024691,7.3,0.111111111111111,0.15,0.185185185185185,0.3,1.41975308641975,0.8625,1.25925925925926,1.5125,0.320987654320986,-0.025,1.39506172839506,-0.4375,0.80246913580247,0.2875,-0.13580246913581,-0.6875,-0.074074074074074,-0.15,855,671,0.506172839506173
2009,80,81,0.575,0.45679012345679,0.515527950310559,0.55421686746988,0.44578313253012,0.435897435897436,0.564102564102564,0.602484472049689,0.679012345679012,0.983,8.35,8.16049382716049,0.975,1.01234567901235,8.7875,8.58024691358025,1.025,0.975308641975309,4.3,4.04938271604938,4.85,3.93827160493827,4.0875,3.87654320987654,6.675,8.03703703703704,8.05,7.75308641975309,3.7875,3.5679012345679,3.675,3.60493827160494,7.3,7.71604938271605,7.125,7.39506172839506,0.1625,0.197530864197531,0.2125,0.209876543209877,0.55,-0.11111111111111,0.4375,0.41975308641976,0.0499999999999999,-0.037037037037041,1.375,-0.28395061728395,0.1125,-0.0370370370370399,-0.175,-0.32098765432099,-0.05,-0.012345679012346,707,672,0.525
2010,81,81,0.432098765432099,0.493827160493827,0.462962962962963,0.466666666666667,0.533333333333333,0.528735632183908,0.471264367816092,0.515527950310559,0.575,0.979,9.46913580246914,7.92592592592593,1.07407407407407,0.827160493827161,8.90123456790123,8.55555555555556,0.91358024691358,0.925925925925926,5.32098765432099,4.14814814814815,4.34567901234568,4.11111111111111,4.01234567901235,3.93827160493827,7.11111111111111,8.14814814814815,8.22222222222222,7.4320987654321,2.90123456790123,3.01234567901235,3.85185185185185,3.61728395061728,6.96296296296296,6.97530864197531,7.7037037037037,7.37037037037037,0.185185185185185,0.148148148148148,0.222222222222222,0.172839506172839,-0.97530864197531,-0.0370370370370399,-0.567901234567909,0.629629629629631,-0.16049382716049,0.0987654320987651,1.11111111111111,-0.716049382716051,-0.95061728395062,-0.60493827160493,0.74074074074074,0.39506172839506,-0.037037037037037,-0.024691358024691,685,767,0.45679012345679
2011,81,81,0.481481481481481,0.395061728395062,0.438271604938272,0.549295774647887,0.450704225352113,0.461538461538462,0.538461538461538,0.462962962962963,0.432098765432099,0.978,8.85185185185185,8.91358024691358,1,1,8.60493827160494,8.96296296296296,0.901234567901235,0.925925925925926,4.40740740740741,4.92592592592593,4,4.07407407407407,4.04938271604938,4.06172839506173,7.28395061728395,7.55555555555556,8.24691358024691,6.8641975308642,2.76543209876543,2.48148148148148,3.58024691358025,3.58024691358025,7.16049382716049,6.92592592592593,7.41975308641975,7.4320987654321,0.271604938271605,0.172839506172839,0.185185185185185,0.172839506172839,-0.40740740740741,-0.85185185185186,-0.246913580246909,0.0493827160493794,-0.098765432098765,-0.074074074074074,0.962962962962959,-0.69135802469136,-0.81481481481482,-1.09876543209877,0.25925925925926,0.50617283950617,0.08641975308642,0,654,756,0.493827160493827
2012,81,81,0.469135802469136,0.283950617283951,0.376543209876543,0.622950819672131,0.377049180327869,0.425742574257426,0.574257425742574,0.438271604938272,0.481481481481481,0.982,8.48148148148148,8.79012345679012,1.08641975308642,1.07407407407407,8,8.01234567901234,0.802469135802469,0.888888888888889,4.46913580246914,4.90123456790123,4.09876543209877,3.46913580246914,4.25925925925926,3.82716049382716,7.25925925925926,7.98765432098765,7.35802469135802,6.5679012345679,3.04938271604938,2.46913580246914,3.64197530864198,3.4320987654321,6.37037037037037,6.51851851851852,7.17283950617284,6.90123456790123,0.271604938271605,0.172839506172839,0.222222222222222,0.358024691358025,-0.370370370370369,-1.43209876543209,-0.481481481481479,-0.77777777777778,-0.283950617283951,-0.185185185185181,0.0987654320987597,-1.41975308641975,-0.5925925925926,-0.96296296296296,0.80246913580247,0.38271604938271,0.049382716049383,-0.185185185185186,613,759,0.395061728395062
2013,81,81,0.382716049382716,0.432098765432099,0.407407407407407,0.46969696969697,0.53030303030303,0.520833333333333,0.479166666666667,0.376543209876543,0.469135802469136,0.983,8.74074074074074,7.7037037037037,0.901234567901235,1.07407407407407,8.35802469135803,7.77777777777778,1.25925925925926,0.864197530864197,4.53086419753086,3.97530864197531,4.1358024691358,3.2962962962963,4.16049382716049,3.87654320987654,7.45679012345679,7.72839506172839,7.71604938271605,6.90123456790123,2.71604938271605,2.7037037037037,3.45679012345679,3.20987654320988,6.4320987654321,7.04938271604938,7.28395061728395,6.49382716049383,0.0987654320987654,0.123456790123457,0.197530864197531,0.209876543209877,-0.39506172839506,-0.67901234567901,-0.38271604938271,0.0740740740740806,0.358024691358025,-0.209876543209873,0.25925925925926,-0.827160493827161,-0.74074074074074,-0.50617283950618,0.85185185185185,-0.55555555555555,-0.0987654320987656,-0.08641975308642,602,689,0.283950617283951
2014,81,81,0.506172839506173,0.395061728395062,0.450617283950617,0.561643835616438,0.438356164383562,0.449438202247191,0.550561797752809,0.407407407407407,0.382716049382716,0.983,8.48148148148148,8.77777777777778,0.777777777777778,0.641975308641975,8.04938271604938,8.18518518518519,0.851851851851852,1.08641975308642,4.06172839506173,4.66666666666667,3.80246913580247,3.77777777777778,4.5679012345679,4.06172839506173,9.14814814814815,9.08641975308642,8.67901234567901,7.50617283950617,2.80246913580247,2.65432098765432,3.04938271604938,3.17283950617284,6.5679012345679,6.62962962962963,6.85185185185185,6.8641975308642,0.209876543209877,0.172839506172839,0.135802469135802,0.160493827160494,-0.25925925925926,-0.88888888888889,-0.4320987654321,-0.59259259259259,0.074074074074074,0.444444444444445,-0.469135802469141,-1.58024691358025,-0.24691358024691,-0.51851851851852,0.28395061728395,0.23456790123457,0.074074074074075,0.012345679012345,614,707,0.432098765432099
2015,81,81,0.604938271604938,0.592592592592593,0.598765432098765,0.505154639175258,0.494845360824742,0.492307692307692,0.507692307692308,0.450617283950617,0.506172839506173,0.982,7.97530864197531,7.77777777777778,0.975308641975309,0.679012345679012,7.62962962962963,8.92592592592593,1.1358024691358,0.975308641975309,3.77777777777778,3.7283950617284,4.02469135802469,4.48148148148148,4.65432098765432,4.16049382716049,8.83950617283951,9.90123456790123,9.12345679012346,8.54320987654321,3.61728395061728,3.38271604938272,2.48148148148148,2.54320987654321,6.90123456790123,7.48148148148148,6.34567901234568,6.06172839506173,0.185185185185185,0.185185185185185,0.246913580246914,0.209876543209877,0.24691358024691,0.75308641975308,-0.345679012345681,1.14814814814815,0.160493827160491,0.296296296296297,0.283950617283949,-1.35802469135802,1.1358024691358,0.83950617283951,-0.55555555555555,-1.41975308641975,-0.061728395061729,-0.024691358024692,689,608,0.395061728395062
2016,81,81,0.703703703703704,0.567901234567901,0.635802469135803,0.553398058252427,0.446601941747573,0.413793103448276,0.586206896551724,0.598765432098765,0.604938271604938,0.983,6.74074074074074,7.14814814814815,0.901234567901235,1.11111111111111,8.32098765432099,9.07407407407407,1.11111111111111,1.34567901234568,3.04938271604938,3.81481481481481,4.80246913580247,5.17283950617284,4.19753086419753,4.01234567901235,7.87654320987654,8.65432098765432,9.32098765432099,8.46913580246914,4.18518518518519,3.91358024691358,3.14814814814815,2.96296296296296,7.59259259259259,7.4320987654321,6.32098765432099,6,0.197530864197531,0.172839506172839,0.0864197530864197,0.0987654320987654,1.75308641975309,1.35802469135803,1.58024691358025,1.92592592592592,0.209876543209875,0.23456790123457,1.44444444444445,-0.18518518518518,1.03703703703704,0.95061728395062,-1.2716049382716,-1.4320987654321,0.111111111111111,0.0740740740740736,808,556,0.592592592592593
